ticker,spread,setup_type,Setup,Reason,spot,exp_date,dte,long_strike,short_strike,width,spread_mid,spread_mid_width_pct,bs_spread,edge,pop,reward_risk,risk_adjusted_score,short_bid_ask_pct,long_bid_ask_pct,short_vol,short_oi,long_vol,long_oi,regime_bullish,regime_bearish,regime_note,tp_spread_px,sl_spread_px,signal_reason,entry_rule,exit_rule,setup_ok,status,exp_str,T,r,long_symbol,short_symbol,long_bid,long_ask,long_last,long_mid,long_mid_note,long_good_quote,long_iv,long_sigma_used,short_bid,short_ask,short_last,short_mid,short_mid_note,short_good_quote,short_iv,short_sigma_used,hist_vol,sigma_avg,bs_long,bs_short,long_d1,long_d2,long_delta,long_gamma,long_vega,long_theta,short_d1,short_d2,short_delta,short_gamma,short_vega,short_theta,spread_delta,spread_gamma,spread_vega,spread_theta,breakeven,max_profit,max_loss,take_profit_frac,debit_stop_loss_frac,credit_stop_loss_mult,time_stop_days,ema21_invalidation,Setup_setup_type,Setup_setup_ok,Setup_open,Setup_high,Setup_low,Setup_close,Setup_prev_close,Setup_ema8,Setup_ema21,Setup_ema50,Setup_ema200,Setup_ema8_slope,Setup_ema21_slope,Setup_flag_above_emas,Setup_flag_red_day,Setup_flag_touched_ema8,Setup_flag_held_ema21,regime_symbols,regime_ema_span,regime_SPY_close,regime_SPY_ema50,regime_SPY_above_ema50,regime_QQQ_close,regime_QQQ_ema50,regime_QQQ_above_ema50,Setup_flag_below_emas,Setup_flag_green_day,Setup_flag_pushed_to_ema8,Setup_flag_rejected_under_ema21
AAPL,debit,pullback,NO,setup not met,291.4798889160156,,-1,,,,,,,,,,,,,0,0,0,0,True,False,"SPY: close=740.52, ema50=725.55, above=true; QQQ: close=719.85, ema50=688.14, above=true",,,setup not met,,,False,setup not met,,,0.045,,,,,,,,False,,,,,,,,False,,,,,,,,,,,,,,,,,,,,,,,,,,0.5,0.5,2.0,21,298.9458603405235,pullback,0.0,296.0799865722656,297.1400146484375,290.010009765625,291.4798889160156,295.6300048828125,297.9761042298379,298.9458603405235,289.2475893105252,276.6478752281778,-1.8560615182349238,-0.7465971424507529,0.0,1.0,1.0,0.0,"SPY,QQQ",50,740.5203857421875,725.5507256787744,True,719.8499755859375,688.1413196800477,True,,,,
AAPL,credit,pullup,NO,setup not met,291.4798889160156,,-1,,,,,,,,,,,,,0,0,0,0,True,False,"SPY: close=740.52, ema50=725.55, above=true; QQQ: close=719.85, ema50=688.14, above=true",,,setup not met,,,False,setup not met,,,0.045,,,,,,,,False,,,,,,,,False,,,,,,,,,,,,,,,,,,,,,,,,,,0.5,0.5,2.0,21,298.9458603405235,pullup,0.0,296.0799865722656,297.1400146484375,290.010009765625,291.4798889160156,295.6300048828125,297.9761042298379,298.9458603405235,289.2475893105252,276.6478752281778,-1.8560615182349238,-0.7465971424507529,,,,,"SPY,QQQ",50,740.5203857421875,725.5507256787744,True,719.8499755859375,688.1413196800477,True,1.0,0.0,1.0,1.0
NVDA,debit,pullback,NO,setup not met,204.82009887695312,,-1,,,,,,,,,,,,,0,0,0,0,True,False,"SPY: close=740.52, ema50=725.55, above=true; QQQ: close=719.85, ema50=688.14, above=true",,,setup not met,,,False,setup not met,,,0.045,,,,,,,,False,,,,,,,,False,,,,,,,,,,,,,,,,,,,,,,,,,,0.5,0.5,2.0,21,211.12694436301877,pullback,0.0,204.72999572753906,207.07000732421875,203.43850708007812,204.82009887695312,204.8699951171875,207.82887485104132,211.12694436301877,206.51787177966503,190.47943632435602,-0.8596502783109088,-0.6306845486065527,0.0,1.0,1.0,0.0,"SPY,QQQ",50,740.5203857421875,725.5507256787744,True,719.8499755859375,688.1413196800477,True,,,,
NVDA,credit,pullup,NO,setup not met,204.82009887695312,,-1,,,,,,,,,,,,,0,0,0,0,True,False,"SPY: close=740.52, ema50=725.55, above=true; QQQ: close=719.85, ema50=688.14, above=true",,,setup not met,,,False,setup not met,,,0.045,,,,,,,,False,,,,,,,,False,,,,,,,,,,,,,,,,,,,,,,,,,,0.5,0.5,2.0,21,211.12694436301877,pullup,0.0,204.72999572753906,207.07000732421875,203.43850708007812,204.82009887695312,204.8699951171875,207.82887485104132,211.12694436301877,206.51787177966503,190.47943632435602,-0.8596502783109088,-0.6306845486065527,,,,,"SPY,QQQ",50,740.5203857421875,725.5507256787744,True,719.8499755859375,688.1413196800477,True,1.0,0.0,0.0,1.0
TSLA,debit,pullback,NO,setup not met,395.8699951171875,,-1,,,,,,,,,,,,,0,0,0,0,True,False,"SPY: close=740.52, ema50=725.55, above=true; QQQ: close=719.85, ema50=688.14, above=true",,,setup not met,,,False,setup not met,,,0.045,,,,,,,,False,,,,,,,,False,,,,,,,,,,,,,,,,,,,,,,,,,,0.5,0.5,2.0,21,409.07931971781846,pullback,0.0,399.4599914550781,404.29998779296875,386.760009765625,395.8699951171875,399.1499938964844,401.7059433319873,409.07931971781846,406.1416607399954,422.2434115317135,-1.6674137756571668,-1.3209324600631476,0.0,1.0,1.0,0.0,"SPY,QQQ",50,740.5203857421875,725.5507256787744,True,719.8499755859375,688.1413196800477,True,,,,
TSLA,credit,pullup,NO,setup not met,395.8699951171875,,-1,,,,,,,,,,,,,0,0,0,0,True,False,"SPY: close=740.52, ema50=725.55, above=true; QQQ: close=719.85, ema50=688.14, above=true",,,setup not met,,,False,setup not met,,,0.045,,,,,,,,False,,,,,,,,False,,,,,,,,,,,,,,,,,,,,,,,,,,0.5,0.5,2.0,21,409.07931971781846,pullup,0.0,399.4599914550781,404.29998779296875,386.760009765625,395.8699951171875,399.1499938964844,401.7059433319873,409.07931971781846,406.1416607399954,422.2434115317135,-1.6674137756571668,-1.3209324600631476,,,,,"SPY,QQQ",50,740.5203857421875,725.5507256787744,True,719.8499755859375,688.1413196800477,True,1.0,0.0,1.0,1.0
MSFT,debit,pullback,NO,setup not met,387.7514953613281,,-1,,,,,,,,,,,,,0,0,0,0,True,False,"SPY: close=740.52, ema50=725.55, above=true; QQQ: close=719.85, ema50=688.14, above=true",,,setup not met,,,False,setup not met,,,0.045,,,,,,,,False,,,,,,,,False,,,,,,,,,,,,,,,,,,,,,,,,,,0.5,0.5,2.0,21,413.8544197832749,pullback,0.0,391.4200134277344,391.739990234375,382.2699890136719,387.7514953613281,390.3399963378906,404.76157097949545,413.8544197832749,413.45765669321656,434.22194962641083,-4.8600216051906955,-2.610292442194691,0.0,1.0,1.0,0.0,"SPY,QQQ",50,740.5203857421875,725.5507256787744,True,719.8499755859375,688.1413196800477,True,,,,
MSFT,credit,pullup,NO,setup not met,387.7514953613281,,-1,,,,,,,,,,,,,0,0,0,0,True,False,"SPY: close=740.52, ema50=725.55, above=true; QQQ: close=719.85, ema50=688.14, above=true",,,setup not met,,,False,setup not met,,,0.045,,,,,,,,False,,,,,,,,False,,,,,,,,,,,,,,,,,,,,,,,,,,0.5,0.5,2.0,21,413.8544197832749,pullup,0.0,391.4200134277344,391.739990234375,382.2699890136719,387.7514953613281,390.3399963378906,404.76157097949545,413.8544197832749,413.45765669321656,434.22194962641083,-4.8600216051906955,-2.610292442194691,,,,,"SPY,QQQ",50,740.5203857421875,725.5507256787744,True,719.8499755859375,688.1413196800477,True,1.0,0.0,0.0,1.0
AMZN,debit,pullback,NO,setup not met,236.22000122070312,,-1,,,,,,,,,,,,,0,0,0,0,True,False,"SPY: close=740.52, ema50=725.55, above=true; QQQ: close=719.85, ema50=688.14, above=true",,,setup not met,,,False,setup not met,,,0.045,,,,,,,,False,,,,,,,,False,,,,,,,,,,,,,,,,,,,,,,,,,,0.5,0.5,2.0,21,252.96068447426492,pullback,0.0,243.2100067138672,243.3300018310547,233.58999633789062,236.22000122070312,241.50999450683594,244.80168266961073,252.96068447426492,250.49469824093399,235.49291490547097,-2.4519089854021843,-1.6740683253561883,0.0,1.0,1.0,0.0,"SPY,QQQ",50,740.5203857421875,725.5507256787744,True,719.8499755859375,688.1413196800477,True,,,,
AMZN,credit,pullup,NO,setup not met,236.22000122070312,,-1,,,,,,,,,,,,,0,0,0,0,True,False,"SPY: close=740.52, ema50=725.55, above=true; QQQ: close=719.85, ema50=688.14, above=true",,,setup not met,,,False,setup not met,,,0.045,,,,,,,,False,,,,,,,,False,,,,,,,,,,,,,,,,,,,,,,,,,,0.5,0.5,2.0,21,252.96068447426492,pullup,0.0,243.2100067138672,243.3300018310547,233.58999633789062,236.22000122070312,241.50999450683594,244.80168266961073,252.96068447426492,250.49469824093399,235.49291490547097,-2.4519089854021843,-1.6740683253561883,,,,,"SPY,QQQ",50,740.5203857421875,725.5507256787744,True,719.8499755859375,688.1413196800477,True,1.0,0.0,0.0,1.0
META,debit,pullback,NO,setup not met,570.6900024414062,,-1,,,,,,,,,,,,,0,0,0,0,True,False,"SPY: close=740.52, ema50=725.55, above=true; QQQ: close=719.85, ema50=688.14, above=true",,,setup not met,,,False,setup not met,,,0.045,,,,,,,,False,,,,,,,,False,,,,,,,,,,,,,,,,,,,,,,,,,,0.5,0.5,2.0,21,600.7887574143733,pullback,0.0,572.9500122070312,576.0700073242188,560.9000244140625,570.6900024414062,568.4299926757812,584.9164155986225,600.7887574143733,613.8942281656705,632.8016923504962,-4.064689473490375,-3.0098754972966617,0.0,0.0,1.0,0.0,"SPY,QQQ",50,740.5203857421875,725.5507256787744,True,719.8499755859375,688.1413196800477,True,,,,
META,credit,pullup,NO,setup not met,570.6900024414062,,-1,,,,,,,,,,,,,0,0,0,0,True,False,"SPY: close=740.52, ema50=725.55, above=true; QQQ: close=719.85, ema50=688.14, above=true",,,setup not met,,,False,setup not met,,,0.045,,,,,,,,False,,,,,,,,False,,,,,,,,,,,,,,,,,,,,,,,,,,0.5,0.5,2.0,21,600.7887574143733,pullup,0.0,572.9500122070312,576.0700073242188,560.9000244140625,570.6900024414062,568.4299926757812,584.9164155986225,600.7887574143733,613.8942281656705,632.8016923504962,-4.064689473490375,-3.0098754972966617,,,,,"SPY,QQQ",50,740.5203857421875,725.5507256787744,True,719.8499755859375,688.1413196800477,True,1.0,1.0,0.0,1.0
ASHR,debit,pullback,NO,setup not met,35.310001373291016,,-1,,,,,,,,,,,,,0,0,0,0,True,False,"SPY: close=740.52, ema50=725.55, above=true; QQQ: close=719.85, ema50=688.14, above=true",,,setup not met,,,False,setup not met,,,0.045,,,,,,,,False,,,,,,,,False,,,,,,,,,,,,,,,,,,,,,,,,,,0.5,0.5,2.0,21,35.351268936722875,pullback,0.0,35.2400016784668,35.404998779296875,35.2400016784668,35.310001373291016,35.02000045776367,35.17940623888421,35.351268936722875,35.02138379984202,33.943775136207215,0.037312895544800995,-0.004126756343183047,0.0,0.0,1.0,0.0,"SPY,QQQ",50,740.5203857421875,725.5507256787744,True,719.8499755859375,688.1413196800477,True,,,,
ASHR,credit,pullup,NO,setup not met,35.310001373291016,,-1,,,,,,,,,,,,,0,0,0,0,True,False,"SPY: close=740.52, ema50=725.55, above=true; QQQ: close=719.85, ema50=688.14, above=true",,,setup not met,,,False,setup not met,,,0.045,,,,,,,,False,,,,,,,,False,,,,,,,,,,,,,,,,,,,,,,,,,,0.5,0.5,2.0,21,35.351268936722875,pullup,0.0,35.2400016784668,35.404998779296875,35.2400016784668,35.310001373291016,35.02000045776367,35.17940623888421,35.351268936722875,35.02138379984202,33.943775136207215,0.037312895544800995,-0.004126756343183047,,,,,"SPY,QQQ",50,740.5203857421875,725.5507256787744,True,719.8499755859375,688.1413196800477,True,0.0,1.0,1.0,1.0
AMD,debit,pullback,NO,setup not met,512.260009765625,,-1,,,,,,,,,,,,,0,0,0,0,True,False,"SPY: close=740.52, ema50=725.55, above=true; QQQ: close=719.85, ema50=688.14, above=true",,,setup not met,,,False,setup not met,,,0.045,,,,,,,,False,,,,,,,,False,,,,,,,,,,,,,,,,,,,,,,,,,,0.5,0.5,2.0,21,471.9281470899525,pullback,0.0,499.68499755859375,517.7999877929688,494.0,512.260009765625,488.45001220703125,491.2679476693909,471.9281470899525,405.42207117535355,285.6812459909376,5.997732027495488,4.03318626756726,1.0,0.0,0.0,1.0,"SPY,QQQ",50,740.5203857421875,725.5507256787744,True,719.8499755859375,688.1413196800477,True,,,,
AMD,credit,pullup,NO,setup not met,512.260009765625,,-1,,,,,,,,,,,,,0,0,0,0,True,False,"SPY: close=740.52, ema50=725.55, above=true; QQQ: close=719.85, ema50=688.14, above=true",,,setup not met,,,False,setup not met,,,0.045,,,,,,,,False,,,,,,,,False,,,,,,,,,,,,,,,,,,,,,,,,,,0.5,0.5,2.0,21,471.9281470899525,pullup,0.0,499.68499755859375,517.7999877929688,494.0,512.260009765625,488.45001220703125,491.2679476693909,471.9281470899525,405.42207117535355,285.6812459909376,5.997732027495488,4.03318626756726,,,,,"SPY,QQQ",50,740.5203857421875,725.5507256787744,True,719.8499755859375,688.1413196800477,True,0.0,1.0,1.0,0.0
AVGO,debit,pullback,NO,setup not met,379.9750061035156,,-1,,,,,,,,,,,,,0,0,0,0,True,False,"SPY: close=740.52, ema50=725.55, above=true; QQQ: close=719.85, ema50=688.14, above=true",,,setup not met,,,False,setup not met,,,0.045,,,,,,,,False,,,,,,,,False,,,,,,,,,,,,,,,,,,,,,,,,,,0.5,0.5,2.0,21,410.9055154223478,pullback,0.0,383.7200012207031,384.9798889160156,377.0,379.9750061035156,385.57000732421875,397.25383799922145,410.9055154223478,400.92182035848094,369.3432761016329,-4.936809113058757,-3.0930509318832264,0.0,1.0,1.0,0.0,"SPY,QQQ",50,740.5203857421875,725.5507256787744,True,719.8499755859375,688.1413196800477,True,,,,
AVGO,credit,pullup,NO,setup not met,380.010009765625,,-1,,,,,,,,,,,,,0,0,0,0,True,False,"SPY: close=740.52, ema50=725.55, above=true; QQQ: close=719.85, ema50=688.14, above=true",,,setup not met,,,False,setup not met,,,0.045,,,,,,,,False,,,,,,,,False,,,,,,,,,,,,,,,,,,,,,,,,,,0.5,0.5,2.0,21,410.90869757344865,pullup,0.0,383.7200012207031,384.9798889160156,377.0,380.010009765625,385.57000732421875,397.2616165908013,410.90869757344865,400.92319305111266,369.3436243967783,-4.929030521478921,-3.0898687807823535,,,,,"SPY,QQQ",50,740.5203857421875,725.5507256787744,True,719.8499755859375,688.1413196800477,True,1.0,0.0,0.0,1.0
INTC,debit,pullback,NO,setup not met,123.83999633789062,,-1,,,,,,,,,,,,,0,0,0,0,True,False,"SPY: close=740.52, ema50=725.55, above=true; QQQ: close=719.85, ema50=688.14, above=true",,,setup not met,,,False,setup not met,,,0.045,,,,,,,,False,,,,,,,,False,,,,,,,,,,,,,,,,,,,,,,,,,,0.5,0.5,2.0,21,111.01008558967469,pullback,0.0,117.41500091552734,125.26000213623047,115.33000183105469,123.83999633789062,116.95999908447266,113.76607548708472,111.01008558967469,97.34772931362664,63.91243715732327,2.8782631002302423,1.282991074821581,1.0,0.0,0.0,1.0,"SPY,QQQ",50,740.5203857421875,725.5507256787744,True,719.8499755859375,688.1413196800477,True,,,,
INTC,credit,pullup,NO,setup not met,123.83999633789062,,-1,,,,,,,,,,,,,0,0,0,0,True,False,"SPY: close=740.52, ema50=725.55, above=true; QQQ: close=719.85, ema50=688.14, above=true",,,setup not met,,,False,setup not met,,,0.045,,,,,,,,False,,,,,,,,False,,,,,,,,,,,,,,,,,,,,,,,,,,0.5,0.5,2.0,21,111.01008558967469,pullup,0.0,117.41500091552734,125.26000213623047,115.33000183105469,123.83999633789062,116.95999908447266,113.76607548708472,111.01008558967469,97.34772931362664,63.91243715732327,2.8782631002302423,1.282991074821581,,,,,"SPY,QQQ",50,740.5203857421875,725.5507256787744,True,719.8499755859375,688.1413196800477,True,0.0,1.0,1.0,0.0
JPM,debit,pullback,NO,setup not met,319.7012023925781,,-1,,,,,,,,,,,,,0,0,0,0,True,False,"SPY: close=740.52, ema50=725.55, above=true; QQQ: close=719.85, ema50=688.14, above=true",,,setup not met,,,False,setup not met,,,0.045,,,,,,,,False,,,,,,,,False,,,,,,,,,,,,,,,,,,,,,,,,,,0.5,0.5,2.0,21,307.4052475144055,pullback,0.0,315.9700012207031,321.29998779296875,315.54998779296875,319.7012023925781,313.489990234375,311.5351192782457,307.4052475144055,305.43951663260503,309.11080973702025,2.3331666040950267,1.229595487817278,1.0,0.0,0.0,1.0,"SPY,QQQ",50,740.5203857421875,725.5507256787744,True,719.8499755859375,688.1413196800477,True,,,,
JPM,credit,pullup,NO,setup not met,319.7200012207031,,-1,,,,,,,,,,,,,0,0,0,0,True,False,"SPY: close=740.52, ema50=725.55, above=true; QQQ: close=719.85, ema50=688.14, above=true",,,setup not met,,,False,setup not met,,,0.045,,,,,,,,False,,,,,,,,False,,,,,,,,,,,,,,,,,,,,,,,,,,0.5,0.5,2.0,21,307.4069564987805,pullup,0.0,315.9700012207031,321.29998779296875,315.54998779296875,319.7200012207031,313.489990234375,311.5392967956068,307.4069564987805,305.4402538415511,309.11099679003644,2.3373441214561126,1.231304472192278,,,,,"SPY,QQQ",50,740.5203857421875,725.5507256787744,True,719.8499755859375,688.1413196800477,True,0.0,1.0,1.0,0.0
BAC,debit,pullback,NO,setup not met,55.70000076293945,,-1,,,,,,,,,,,,,0,0,0,0,True,False,"SPY: close=740.52, ema50=725.55, above=true; QQQ: close=719.85, ema50=688.14, above=true",,,setup not met,,,False,setup not met,,,0.045,,,,,,,,False,,,,,,,,False,,,,,,,,,,,,,,,,,,,,,,,,,,0.5,0.5,2.0,21,53.063456680870544,pullback,0.0,55.36000061035156,56.189998626708984,55.2599983215332,55.70000076293945,55.15999984741211,54.27908635248535,53.063456680870544,52.27625132098841,52.93855132370429,0.4059755458440293,0.26365440820688946,1.0,0.0,0.0,1.0,"SPY,QQQ",50,740.5203857421875,725.5507256787744,True,719.8499755859375,688.1413196800477,True,,,,
BAC,credit,pullup,NO,setup not met,55.70000076293945,,-1,,,,,,,,,,,,,0,0,0,0,True,False,"SPY: close=740.52, ema50=725.55, above=true; QQQ: close=719.85, ema50=688.14, above=true",,,setup not met,,,False,setup not met,,,0.045,,,,,,,,False,,,,,,,,False,,,,,,,,,,,,,,,,,,,,,,,,,,0.5,0.5,2.0,21,53.063456680870544,pullup,0.0,55.36000061035156,56.189998626708984,55.2599983215332,55.70000076293945,55.15999984741211,54.27908635248535,53.063456680870544,52.27625132098841,52.93855132370429,0.4059755458440293,0.26365440820688946,,,,,"SPY,QQQ",50,740.5203857421875,725.5507256787744,True,719.8499755859375,688.1413196800477,True,0.0,1.0,1.0,0.0
XOM,debit,pullback,NO,setup not met,148.47000122070312,,-1,,,,,,,,,,,,,0,0,0,0,True,False,"SPY: close=740.52, ema50=725.55, above=true; QQQ: close=719.85, ema50=688.14, above=true",,,setup not met,,,False,setup not met,,,0.045,,,,,,,,False,,,,,,,,False,,,,,,,,,,,,,,,,,,,,,,,,,,0.5,0.5,2.0,21,150.58648794535065,pullback,0.0,145.6300048828125,148.90499877929688,145.1999969482422,148.47000122070312,146.60000610351562,149.364586925929,150.58648794535065,151.2319634834691,140.04738300822487,-0.25559591577882657,-0.21164867246474728,0.0,0.0,1.0,0.0,"SPY,QQQ",50,740.5203857421875,725.5507256787744,True,719.8499755859375,688.1413196800477,True,,,,
XOM,credit,pullup,NO,setup not met,148.47000122070312,,-1,,,,,,,,,,,,,0,0,0,0,True,False,"SPY: close=740.52, ema50=725.55, above=true; QQQ: close=719.85, ema50=688.14, above=true",,,setup not met,,,False,setup not met,,,0.045,,,,,,,,False,,,,,,,,False,,,,,,,,,,,,,,,,,,,,,,,,,,0.5,0.5,2.0,21,150.58648794535065,pullup,0.0,145.6300048828125,148.90499877929688,145.1999969482422,148.47000122070312,146.60000610351562,149.364586925929,150.58648794535065,151.2319634834691,140.04738300822487,-0.25559591577882657,-0.21164867246474728,,,,,"SPY,QQQ",50,740.5203857421875,725.5507256787744,True,719.8499755859375,688.1413196800477,True,1.0,1.0,0.0,1.0
CVX,debit,pullback,NO,setup not met,188.1649932861328,,-1,,,,,,,,,,,,,0,0,0,0,True,False,"SPY: close=740.52, ema50=725.55, above=true; QQQ: close=719.85, ema50=688.14, above=true",,,setup not met,,,False,setup not met,,,0.045,,,,,,,,False,,,,,,,,False,,,,,,,,,,,,,,,,,,,,,,,,,,0.5,0.5,2.0,21,187.85812050513547,pullback,0.0,185.0800018310547,188.3800048828125,184.36000061035156,188.1649932861328,185.82000732421875,187.6837266912388,187.85812050513547,188.14084387769586,174.9839319250491,0.1375047413982884,0.030687278099719606,1.0,0.0,1.0,1.0,"SPY,QQQ",50,740.5203857421875,725.5507256787744,True,719.8499755859375,688.1413196800477,True,,,,
CVX,credit,pullup,NO,setup not met,188.1649932861328,,-1,,,,,,,,,,,,,0,0,0,0,True,False,"SPY: close=740.52, ema50=725.55, above=true; QQQ: close=719.85, ema50=688.14, above=true",,,setup not met,,,False,setup not met,,,0.045,,,,,,,,False,,,,,,,,False,,,,,,,,,,,,,,,,,,,,,,,,,,0.5,0.5,2.0,21,187.85812050513547,pullup,0.0,185.0800018310547,188.3800048828125,184.36000061035156,188.1649932861328,185.82000732421875,187.6837266912388,187.85812050513547,188.14084387769586,174.9839319250491,0.1375047413982884,0.030687278099719606,,,,,"SPY,QQQ",50,740.5203857421875,725.5507256787744,True,719.8499755859375,688.1413196800477,True,0.0,1.0,1.0,0.0
PLTR,debit,pullback,NO,setup not met,128.04580688476562,,-1,,,,,,,,,,,,,0,0,0,0,True,False,"SPY: close=740.52, ema50=725.55, above=true; QQQ: close=719.85, ema50=688.14, above=true",,,setup not met,,,False,setup not met,,,0.045,,,,,,,,False,,,,,,,,False,,,,,,,,,,,,,,,,,,,,,,,,,,0.5,0.5,2.0,21,137.6888706322575,pullback,0.0,130.9149932861328,131.08999633789062,126.6500015258789,128.04580688476562,131.0800018310547,134.2170850234582,137.6888706322575,140.57830376527656,157.32155811497955,-1.7632223253407346,-0.9643063747491851,0.0,1.0,1.0,0.0,"SPY,QQQ",50,740.5203857421875,725.5507256787744,True,719.8499755859375,688.1413196800477,True,,,,
PLTR,credit,pullup,NO,setup not met,128.04580688476562,,-1,,,,,,,,,,,,,0,0,0,0,True,False,"SPY: close=740.52, ema50=725.55, above=true; QQQ: close=719.85, ema50=688.14, above=true",,,setup not met,,,False,setup not met,,,0.045,,,,,,,,False,,,,,,,,False,,,,,,,,,,,,,,,,,,,,,,,,,,0.5,0.5,2.0,21,137.6888706322575,pullup,0.0,130.9149932861328,131.08999633789062,126.6500015258789,128.04580688476562,131.0800018310547,134.2170850234582,137.6888706322575,140.57830376527656,157.32155811497955,-1.7632223253407346,-0.9643063747491851,,,,,"SPY,QQQ",50,740.5203857421875,725.5507256787744,True,719.8499755859375,688.1413196800477,True,1.0,0.0,0.0,1.0
COIN,debit,pullback,NO,setup not met,160.19000244140625,,-1,,,,,,,,,,,,,0,0,0,0,True,False,"SPY: close=740.52, ema50=725.55, above=true; QQQ: close=719.85, ema50=688.14, above=true",,,setup not met,,,False,setup not met,,,0.045,,,,,,,,False,,,,,,,,False,,,,,,,,,,,,,,,,,,,,,,,,,,0.5,0.5,2.0,21,172.76180771693026,pullback,0.0,160.42999267578125,165.49000549316406,155.4199981689453,160.19000244140625,160.42999267578125,161.94032852407378,172.76180771693026,182.5022999425529,213.233217870388,-0.5000931664764607,-1.2571805275523786,0.0,1.0,1.0,0.0,"SPY,QQQ",50,740.5203857421875,725.5507256787744,True,719.8499755859375,688.1413196800477,True,,,,
COIN,credit,pullup,NO,setup not met,160.19000244140625,,-1,,,,,,,,,,,,,0,0,0,0,True,False,"SPY: close=740.52, ema50=725.55, above=true; QQQ: close=719.85, ema50=688.14, above=true",,,setup not met,,,False,setup not met,,,0.045,,,,,,,,False,,,,,,,,False,,,,,,,,,,,,,,,,,,,,,,,,,,0.5,0.5,2.0,21,172.76180771693026,pullup,0.0,160.42999267578125,165.49000549316406,155.4199981689453,160.19000244140625,160.42999267578125,161.94032852407378,172.76180771693026,182.5022999425529,213.233217870388,-0.5000931664764607,-1.2571805275523786,,,,,"SPY,QQQ",50,740.5203857421875,725.5507256787744,True,719.8499755859375,688.1413196800477,True,1.0,0.0,1.0,1.0
GME,debit,pullback,NO,setup not met,21.604999542236328,,-1,,,,,,,,,,,,,0,0,0,0,True,False,"SPY: close=740.52, ema50=725.55, above=true; QQQ: close=719.85, ema50=688.14, above=true",,,setup not met,,,False,setup not met,,,0.045,,,,,,,,False,,,,,,,,False,,,,,,,,,,,,,,,,,,,,,,,,,,0.5,0.5,2.0,21,22.21555225544678,pullback,0.0,22.059999465942383,22.149999618530273,21.5,21.604999542236328,22.18000030517578,21.99789778039864,22.21555225544678,22.75978318599359,22.550166378732897,-0.11225663947494624,-0.06105527132104527,0.0,1.0,1.0,0.0,"SPY,QQQ",50,740.5203857421875,725.5507256787744,True,719.8499755859375,688.1413196800477,True,,,,
GME,credit,pullup,NO,setup not met,21.604999542236328,,-1,,,,,,,,,,,,,0,0,0,0,True,False,"SPY: close=740.52, ema50=725.55, above=true; QQQ: close=719.85, ema50=688.14, above=true",,,setup not met,,,False,setup not met,,,0.045,,,,,,,,False,,,,,,,,False,,,,,,,,,,,,,,,,,,,,,,,,,,0.5,0.5,2.0,21,22.21555225544678,pullup,0.0,22.059999465942383,22.149999618530273,21.5,21.604999542236328,22.18000030517578,21.99789778039864,22.21555225544678,22.75978318599359,22.550166378732897,-0.11225663947494624,-0.06105527132104527,,,,,"SPY,QQQ",50,740.5203857421875,725.5507256787744,True,719.8499755859375,688.1413196800477,True,1.0,0.0,1.0,1.0
ARKK,debit,pullback,NO,setup not met,75.20999908447266,,-1,,,,,,,,,,,,,0,0,0,0,True,False,"SPY: close=740.52, ema50=725.55, above=true; QQQ: close=719.85, ema50=688.14, above=true",,,setup not met,,,False,setup not met,,,0.045,,,,,,,,False,,,,,,,,False,,,,,,,,,,,,,,,,,,,,,,,,,,0.5,0.5,2.0,21,76.70449688028603,pullback,0.0,75.45999908447266,76.17500305175781,74.41500091552734,75.20999908447266,75.45999908447266,75.8562484303708,76.70449688028603,76.12973350299262,76.79477813893713,-0.18464267025660774,-0.14944977958134587,0.0,1.0,1.0,0.0,"SPY,QQQ",50,740.5203857421875,725.5507256787744,True,719.8499755859375,688.1413196800477,True,,,,
ARKK,credit,pullup,NO,setup not met,75.20999908447266,,-1,,,,,,,,,,,,,0,0,0,0,True,False,"SPY: close=740.52, ema50=725.55, above=true; QQQ: close=719.85, ema50=688.14, above=true",,,setup not met,,,False,setup not met,,,0.045,,,,,,,,False,,,,,,,,False,,,,,,,,,,,,,,,,,,,,,,,,,,0.5,0.5,2.0,21,76.70449688028603,pullup,0.0,75.45999908447266,76.17500305175781,74.41500091552734,75.20999908447266,75.45999908447266,75.8562484303708,76.70449688028603,76.12973350299262,76.79477813893713,-0.18464267025660774,-0.14944977958134587,,,,,"SPY,QQQ",50,740.5203857421875,725.5507256787744,True,719.8499755859375,688.1413196800477,True,1.0,0.0,1.0,1.0
BITO,debit,pullback,NO,setup not met,8.694999694824219,,-1,,,,,,,,,,,,,0,0,0,0,True,False,"SPY: close=740.52, ema50=725.55, above=true; QQQ: close=719.85, ema50=688.14, above=true",,,setup not met,,,False,setup not met,,,0.045,,,,,,,,False,,,,,,,,False,,,,,,,,,,,,,,,,,,,,,,,,,,0.5,0.5,2.0,21,9.379775293485201,pullback,0.0,8.614999771118164,8.770000457763672,8.5600004196167,8.694999694824219,8.640000343322754,8.761129842199752,9.379775293485201,9.878477692381031,11.175357402804156,-0.01889432782158096,-0.06847755986609805,0.0,0.0,1.0,0.0,"SPY,QQQ",50,740.5203857421875,725.5507256787744,True,719.8499755859375,688.1413196800477,True,,,,
BITO,credit,pullup,NO,market regime blocks bearish credit spread,8.694999694824219,,-1,,,,,,,,,,,,,0,0,0,0,True,False,"SPY: close=740.52, ema50=725.55, above=true; QQQ: close=719.85, ema50=688.14, above=true",,,market regime blocks bearish credit spread,,,False,market regime blocks bearish credit spread,,,0.045,,,,,,,,False,,,,,,,,False,,,,,,,,,,,,,,,,,,,,,,,,,,0.5,0.5,2.0,21,9.379775293485201,pullup,1.0,8.614999771118164,8.770000457763672,8.5600004196167,8.694999694824219,8.640000343322754,8.761129842199752,9.379775293485201,9.878477692381031,11.175357402804156,-0.01889432782158096,-0.06847755986609805,,,,,"SPY,QQQ",50,740.5203857421875,725.5507256787744,True,719.8499755859375,688.1413196800477,True,1.0,1.0,1.0,1.0
BOIL,debit,pullback,NO,setup not met,26.610000610351562,,-1,,,,,,,,,,,,,0,0,0,0,True,False,"SPY: close=740.52, ema50=725.55, above=true; QQQ: close=719.85, ema50=688.14, above=true",,,setup not met,,,False,setup not met,,,0.045,,,,,,,,False,,,,,,,,False,,,,,,,,,,,,,,,,,,,,,,,,,,0.5,0.5,2.0,21,27.644246990853187,pullback,0.0,25.989999771118164,26.739999771118164,25.8799991607666,26.610000610351562,26.110000610351562,27.425410333908186,27.644246990853187,28.881775247084196,39.2141947875656,-0.23297420673046432,-0.10342463805016422,0.0,0.0,1.0,0.0,"SPY,QQQ",50,740.5203857421875,725.5507256787744,True,719.8499755859375,688.1413196800477,True,,,,
BOIL,credit,pullup,NO,setup not met,26.610000610351562,,-1,,,,,,,,,,,,,0,0,0,0,True,False,"SPY: close=740.52, ema50=725.55, above=true; QQQ: close=719.85, ema50=688.14, above=true",,,setup not met,,,False,setup not met,,,0.045,,,,,,,,False,,,,,,,,False,,,,,,,,,,,,,,,,,,,,,,,,,,0.5,0.5,2.0,21,27.644246990853187,pullup,0.0,25.989999771118164,26.739999771118164,25.8799991607666,26.610000610351562,26.110000610351562,27.425410333908186,27.644246990853187,28.881775247084196,39.2141947875656,-0.23297420673046432,-0.10342463805016422,,,,,"SPY,QQQ",50,740.5203857421875,725.5507256787744,True,719.8499755859375,688.1413196800477,True,1.0,1.0,0.0,1.0
DIA,debit,pullback,NO,setup not met,512.5800170898438,,-1,,,,,,,,,,,,,0,0,0,0,True,False,"SPY: close=740.52, ema50=725.55, above=true; QQQ: close=719.85, ema50=688.14, above=true",,,setup not met,,,False,setup not met,,,0.045,,,,,,,,False,,,,,,,,False,,,,,,,,,,,,,,,,,,,,,,,,,,0.5,0.5,2.0,21,505.7805500629722,pullback,0.0,512.8900146484375,515.2999877929688,509.5199890136719,512.5800170898438,509.3599853515625,509.0053586312923,505.7805500629722,498.1044931446157,489.12650437551554,1.0213309881575583,0.6799467026871753,1.0,0.0,1.0,1.0,"SPY,QQQ",50,740.5203857421875,725.5507256787744,True,719.8499755859375,688.1413196800477,True,,,,
DIA,credit,pullup,NO,setup not met,512.5800170898438,,-1,,,,,,,,,,,,,0,0,0,0,True,False,"SPY: close=740.52, ema50=725.55, above=true; QQQ: close=719.85, ema50=688.14, above=true",,,setup not met,,,False,setup not met,,,0.045,,,,,,,,False,,,,,,,,False,,,,,,,,,,,,,,,,,,,,,,,,,,0.5,0.5,2.0,21,505.7805500629722,pullup,0.0,512.8900146484375,515.2999877929688,509.5199890136719,512.5800170898438,509.3599853515625,509.0053586312923,505.7805500629722,498.1044931446157,489.12650437551554,1.0213309881575583,0.6799467026871753,,,,,"SPY,QQQ",50,740.5203857421875,725.5507256787744,True,719.8499755859375,688.1413196800477,True,0.0,1.0,1.0,0.0
EEM,debit,pullback,NO,setup not met,67.86000061035156,,-1,,,,,,,,,,,,,0,0,0,0,True,False,"SPY: close=740.52, ema50=725.55, above=true; QQQ: close=719.85, ema50=688.14, above=true",,,setup not met,,,False,setup not met,,,0.045,,,,,,,,False,,,,,,,,False,,,,,,,,,,,,,,,,,,,,,,,,,,0.5,0.5,2.0,21,66.83219958773438,pullback,0.0,67.52999877929688,68.19499969482422,67.08499908447266,67.86000061035156,67.5,67.02513413789532,66.83219958773438,64.96963062354189,59.77522252983734,0.2385332778446383,0.1027801022617183,1.0,0.0,1.0,1.0,"SPY,QQQ",50,740.5203857421875,725.5507256787744,True,719.8499755859375,688.1413196800477,True,,,,
EEM,credit,pullup,NO,setup not met,67.86000061035156,,-1,,,,,,,,,,,,,0,0,0,0,True,False,"SPY: close=740.52, ema50=725.55, above=true; QQQ: close=719.85, ema50=688.14, above=true",,,setup not met,,,False,setup not met,,,0.045,,,,,,,,False,,,,,,,,False,,,,,,,,,,,,,,,,,,,,,,,,,,0.5,0.5,2.0,21,66.83219958773438,pullup,0.0,67.52999877929688,68.19499969482422,67.08499908447266,67.86000061035156,67.5,67.02513413789532,66.83219958773438,64.96963062354189,59.77522252983734,0.2385332778446383,0.1027801022617183,,,,,"SPY,QQQ",50,740.5203857421875,725.5507256787744,True,719.8499755859375,688.1413196800477,True,0.0,1.0,1.0,0.0
EFA,debit,pullback,NO,setup not met,105.03500366210938,,-1,,,,,,,,,,,,,0,0,0,0,True,False,"SPY: close=740.52, ema50=725.55, above=true; QQQ: close=719.85, ema50=688.14, above=true",,,setup not met,,,False,setup not met,,,0.045,,,,,,,,False,,,,,,,,False,,,,,,,,,,,,,,,,,,,,,,,,,,0.5,0.5,2.0,21,103.61286912424796,pullback,0.0,104.6500015258789,105.3499984741211,104.19000244140625,105.03500366210938,104.7300033569336,103.82774475110863,103.61286912424796,102.68103838195668,99.942509862181,0.3449311174287857,0.14221345378614103,1.0,0.0,0.0,1.0,"SPY,QQQ",50,740.5203857421875,725.5507256787744,True,719.8499755859375,688.1413196800477,True,,,,
EFA,credit,pullup,NO,setup not met,105.03500366210938,,-1,,,,,,,,,,,,,0,0,0,0,True,False,"SPY: close=740.52, ema50=725.55, above=true; QQQ: close=719.85, ema50=688.14, above=true",,,setup not met,,,False,setup not met,,,0.045,,,,,,,,False,,,,,,,,False,,,,,,,,,,,,,,,,,,,,,,,,,,0.5,0.5,2.0,21,103.61286912424796,pullup,0.0,104.6500015258789,105.3499984741211,104.19000244140625,105.03500366210938,104.7300033569336,103.82774475110863,103.61286912424796,102.68103838195668,99.942509862181,0.3449311174287857,0.14221345378614103,,,,,"SPY,QQQ",50,740.5203857421875,725.5507256787744,True,719.8499755859375,688.1413196800477,True,0.0,1.0,1.0,0.0
EWZ,debit,pullback,NO,setup not met,35.04999923706055,,-1,,,,,,,,,,,,,0,0,0,0,True,False,"SPY: close=740.52, ema50=725.55, above=true; QQQ: close=719.85, ema50=688.14, above=true",,,setup not met,,,False,setup not met,,,0.045,,,,,,,,False,,,,,,,,False,,,,,,,,,,,,,,,,,,,,,,,,,,0.5,0.5,2.0,21,35.614773797391884,pullback,0.0,34.9900016784668,35.21500015258789,34.84000015258789,35.04999923706055,34.810001373291016,34.65958026600489,35.614773797391884,36.787114721278,35.95241359825469,0.11154827744447715,-0.0564774560331287,0.0,0.0,0.0,0.0,"SPY,QQQ",50,740.5203857421875,725.5507256787744,True,719.8499755859375,688.1413196800477,True,,,,
EWZ,credit,pullup,NO,setup not met,35.04999923706055,,-1,,,,,,,,,,,,,0,0,0,0,True,False,"SPY: close=740.52, ema50=725.55, above=true; QQQ: close=719.85, ema50=688.14, above=true",,,setup not met,,,False,setup not met,,,0.045,,,,,,,,False,,,,,,,,False,,,,,,,,,,,,,,,,,,,,,,,,,,0.5,0.5,2.0,21,35.614773797391884,pullup,0.0,34.9900016784668,35.21500015258789,34.84000015258789,35.04999923706055,34.810001373291016,34.65958026600489,35.614773797391884,36.787114721278,35.95241359825469,0.11154827744447715,-0.0564774560331287,,,,,"SPY,QQQ",50,740.5203857421875,725.5507256787744,True,719.8499755859375,688.1413196800477,True,0.0,1.0,1.0,1.0
FXI,debit,pullback,NO,setup not met,35.22010040283203,,-1,,,,,,,,,,,,,0,0,0,0,True,False,"SPY: close=740.52, ema50=725.55, above=true; QQQ: close=719.85, ema50=688.14, above=true",,,setup not met,,,False,setup not met,,,0.045,,,,,,,,False,,,,,,,,False,,,,,,,,,,,,,,,,,,,,,,,,,,0.5,0.5,2.0,21,35.50553779061099,pullback,0.0,35.34000015258789,35.349998474121094,35.1150016784668,35.22010040283203,34.90999984741211,35.065614502355785,35.50553779061099,36.08061140219985,37.531789618169796,0.04413882870749575,-0.028543738777898398,0.0,0.0,1.0,0.0,"SPY,QQQ",50,740.5203857421875,725.5507256787744,True,719.8499755859375,688.1413196800477,True,,,,
FXI,credit,pullup,NO,setup not met,35.22010040283203,,-1,,,,,,,,,,,,,0,0,0,0,True,False,"SPY: close=740.52, ema50=725.55, above=true; QQQ: close=719.85, ema50=688.14, above=true",,,setup not met,,,False,setup not met,,,0.045,,,,,,,,False,,,,,,,,False,,,,,,,,,,,,,,,,,,,,,,,,,,0.5,0.5,2.0,21,35.50553779061099,pullup,0.0,35.34000015258789,35.349998474121094,35.1150016784668,35.22010040283203,34.90999984741211,35.065614502355785,35.50553779061099,36.08061140219985,37.531789618169796,0.04413882870749575,-0.028543738777898398,,,,,"SPY,QQQ",50,740.5203857421875,725.5507256787744,True,719.8499755859375,688.1413196800477,True,0.0,1.0,1.0,1.0
GDX,debit,pullback,NO,setup not met,79.9800033569336,,-1,,,,,,,,,,,,,0,0,0,0,True,False,"SPY: close=740.52, ema50=725.55, above=true; QQQ: close=719.85, ema50=688.14, above=true",,,setup not met,,,False,setup not met,,,0.045,,,,,,,,False,,,,,,,,False,,,,,,,,,,,,,,,,,,,,,,,,,,0.5,0.5,2.0,21,83.7707330246902,pullback,0.0,78.54000091552734,80.55000305175781,77.76000213623047,79.9800033569336,77.72000122070312,79.86275398085061,83.7707330246902,88.10446626381426,90.63852366959199,0.03349982173799049,-0.3790729667756665,0.0,0.0,1.0,0.0,"SPY,QQQ",50,740.5203857421875,725.5507256787744,True,719.8499755859375,688.1413196800477,True,,,,
GDX,credit,pullup,NO,setup not met,79.9800033569336,,-1,,,,,,,,,,,,,0,0,0,0,True,False,"SPY: close=740.52, ema50=725.55, above=true; QQQ: close=719.85, ema50=688.14, above=true",,,setup not met,,,False,setup not met,,,0.045,,,,,,,,False,,,,,,,,False,,,,,,,,,,,,,,,,,,,,,,,,,,0.5,0.5,2.0,21,83.7707330246902,pullup,0.0,78.54000091552734,80.55000305175781,77.76000213623047,79.9800033569336,77.72000122070312,79.86275398085061,83.7707330246902,88.10446626381426,90.63852366959199,0.03349982173799049,-0.3790729667756665,,,,,"SPY,QQQ",50,740.5203857421875,725.5507256787744,True,719.8499755859375,688.1413196800477,True,0.0,1.0,1.0,1.0
GDXJ,debit,pullback,NO,setup not met,104.26000213623047,,-1,,,,,,,,,,,,,0,0,0,0,True,False,"SPY: close=740.52, ema50=725.55, above=true; QQQ: close=719.85, ema50=688.14, above=true",,,setup not met,,,False,setup not met,,,0.045,,,,,,,,False,,,,,,,,False,,,,,,,,,,,,,,,,,,,,,,,,,,0.5,0.5,2.0,21,109.48445429619487,pullback,0.0,101.62999725341797,105.04000091552734,101.0999984741211,104.26000213623047,101.08000183105469,103.63405334696711,109.48445429619487,115.77729722412248,119.96986097706805,0.17884251121809314,-0.5224452159964414,0.0,0.0,1.0,0.0,"SPY,QQQ",50,740.5203857421875,725.5507256787744,True,719.8499755859375,688.1413196800477,True,,,,
GDXJ,credit,pullup,NO,setup not met,104.26000213623047,,-1,,,,,,,,,,,,,0,0,0,0,True,False,"SPY: close=740.52, ema50=725.55, above=true; QQQ: close=719.85, ema50=688.14, above=true",,,setup not met,,,False,setup not met,,,0.045,,,,,,,,False,,,,,,,,False,,,,,,,,,,,,,,,,,,,,,,,,,,0.5,0.5,2.0,21,109.48445429619487,pullup,0.0,101.62999725341797,105.04000091552734,101.0999984741211,104.26000213623047,101.08000183105469,103.63405334696711,109.48445429619487,115.77729722412248,119.96986097706805,0.17884251121809314,-0.5224452159964414,,,,,"SPY,QQQ",50,740.5203857421875,725.5507256787744,True,719.8499755859375,688.1413196800477,True,0.0,1.0,1.0,1.0
GLD,debit,pullback,NO,setup not met,387.1050109863281,,-1,,,,,,,,,,,,,0,0,0,0,True,False,"SPY: close=740.52, ema50=725.55, above=true; QQQ: close=719.85, ema50=688.14, above=true",,,setup not met,,,False,setup not met,,,0.045,,,,,,,,False,,,,,,,,False,,,,,,,,,,,,,,,,,,,,,,,,,,0.5,0.5,2.0,21,404.5537560285263,pullback,0.0,385.7300109863281,388.7699890136719,383.3500061035156,387.1050109863281,386.32000732421875,392.652504992243,404.5537560285263,417.22169754857873,419.87114939145647,-1.5849982874042894,-1.7448745042198084,0.0,0.0,1.0,0.0,"SPY,QQQ",50,740.5203857421875,725.5507256787744,True,719.8499755859375,688.1413196800477,True,,,,
GLD,credit,pullup,NO,setup not met,387.1050109863281,,-1,,,,,,,,,,,,,0,0,0,0,True,False,"SPY: close=740.52, ema50=725.55, above=true; QQQ: close=719.85, ema50=688.14, above=true",,,setup not met,,,False,setup not met,,,0.045,,,,,,,,False,,,,,,,,False,,,,,,,,,,,,,,,,,,,,,,,,,,0.5,0.5,2.0,21,404.5537560285263,pullup,0.0,385.7300109863281,388.7699890136719,383.3500061035156,387.1050109863281,386.32000732421875,392.652504992243,404.5537560285263,417.22169754857873,419.87114939145647,-1.5849982874042894,-1.7448745042198084,,,,,"SPY,QQQ",50,740.5203857421875,725.5507256787744,True,719.8499755859375,688.1413196800477,True,1.0,1.0,0.0,1.0
HYG,debit,pullback,NO,setup not met,79.95500183105469,,-1,,,,,,,,,,,,,0,0,0,0,True,False,"SPY: close=740.52, ema50=725.55, above=true; QQQ: close=719.85, ema50=688.14, above=true",,,setup not met,,,False,setup not met,,,0.045,,,,,,,,False,,,,,,,,False,,,,,,,,,,,,,,,,,,,,,,,,,,0.5,0.5,2.0,21,79.83063109043046,pullback,0.0,79.94000244140625,79.98999786376953,79.80000305175781,79.95500183105469,79.94000244140625,79.77360696102966,79.83063109043046,79.93548597870485,80.2692151326838,0.051827105721429234,0.012437074062418674,1.0,0.0,1.0,1.0,"SPY,QQQ",50,740.5203857421875,725.5507256787744,True,719.8499755859375,688.1413196800477,True,,,,
HYG,credit,pullup,NO,setup not met,79.95500183105469,,-1,,,,,,,,,,,,,0,0,0,0,True,False,"SPY: close=740.52, ema50=725.55, above=true; QQQ: close=719.85, ema50=688.14, above=true",,,setup not met,,,False,setup not met,,,0.045,,,,,,,,False,,,,,,,,False,,,,,,,,,,,,,,,,,,,,,,,,,,0.5,0.5,2.0,21,79.83063109043046,pullup,0.0,79.94000244140625,79.98999786376953,79.80000305175781,79.95500183105469,79.94000244140625,79.77360696102966,79.83063109043046,79.93548597870485,80.2692151326838,0.051827105721429234,0.012437074062418674,,,,,"SPY,QQQ",50,740.5203857421875,725.5507256787744,True,719.8499755859375,688.1413196800477,True,0.0,1.0,1.0,0.0
IWM,debit,pullback,NO,setup not met,293.7799987792969,,-1,,,,,,,,,,,,,0,0,0,0,True,False,"SPY: close=740.52, ema50=725.55, above=true; QQQ: close=719.85, ema50=688.14, above=true",,,setup not met,,,False,setup not met,,,0.045,,,,,,,,False,,,,,,,,False,,,,,,,,,,,,,,,,,,,,,,,,,,0.5,0.5,2.0,21,285.6913516984459,pullback,0.0,291.6300048828125,295.7149963378906,290.30999755859375,293.7799987792969,290.4100036621094,288.1260169870995,285.6913516984459,278.7985427499152,264.67646285437775,1.6154233691992772,0.8088647080850819,1.0,0.0,0.0,1.0,"SPY,QQQ",50,740.5203857421875,725.5507256787744,True,719.8499755859375,688.1413196800477,True,,,,
IWM,credit,pullup,NO,setup not met,293.7799987792969,,-1,,,,,,,,,,,,,0,0,0,0,True,False,"SPY: close=740.52, ema50=725.55, above=true; QQQ: close=719.85, ema50=688.14, above=true",,,setup not met,,,False,setup not met,,,0.045,,,,,,,,False,,,,,,,,False,,,,,,,,,,,,,,,,,,,,,,,,,,0.5,0.5,2.0,21,285.6913516984459,pullup,0.0,291.6300048828125,295.7149963378906,290.30999755859375,293.7799987792969,290.4100036621094,288.1260169870995,285.6913516984459,278.7985427499152,264.67646285437775,1.6154233691992772,0.8088647080850819,,,,,"SPY,QQQ",50,740.5203857421875,725.5507256787744,True,719.8499755859375,688.1413196800477,True,0.0,1.0,1.0,0.0
IYR,debit,pullback,NO,setup not met,104.33499908447266,,-1,,,,,,,,,,,,,0,0,0,0,True,False,"SPY: close=740.52, ema50=725.55, above=true; QQQ: close=719.85, ema50=688.14, above=true",,,setup not met,,,False,setup not met,,,0.045,,,,,,,,False,,,,,,,,False,,,,,,,,,,,,,,,,,,,,,,,,,,0.5,0.5,2.0,21,102.18261071521451,pullback,0.0,103.68000030517578,104.73500061035156,103.68000030517578,104.33499908447266,103.44999694824219,102.90022034094795,102.18261071521451,101.142356107793,98.04134243718941,0.40993678386419674,0.21523883692582046,1.0,0.0,0.0,1.0,"SPY,QQQ",50,740.5203857421875,725.5507256787744,True,719.8499755859375,688.1413196800477,True,,,,
IYR,credit,pullup,NO,setup not met,104.33499908447266,,-1,,,,,,,,,,,,,0,0,0,0,True,False,"SPY: close=740.52, ema50=725.55, above=true; QQQ: close=719.85, ema50=688.14, above=true",,,setup not met,,,False,setup not met,,,0.045,,,,,,,,False,,,,,,,,False,,,,,,,,,,,,,,,,,,,,,,,,,,0.5,0.5,2.0,21,102.18261071521451,pullup,0.0,103.68000030517578,104.73500061035156,103.68000030517578,104.33499908447266,103.44999694824219,102.90022034094795,102.18261071521451,101.142356107793,98.04134243718941,0.40993678386419674,0.21523883692582046,,,,,"SPY,QQQ",50,740.5203857421875,725.5507256787744,True,719.8499755859375,688.1413196800477,True,0.0,1.0,1.0,0.0
JETS,debit,pullback,NO,setup not met,29.6200008392334,,-1,,,,,,,,,,,,,0,0,0,0,True,False,"SPY: close=740.52, ema50=725.55, above=true; QQQ: close=719.85, ema50=688.14, above=true",,,setup not met,,,False,setup not met,,,0.045,,,,,,,,False,,,,,,,,False,,,,,,,,,,,,,,,,,,,,,,,,,,0.5,0.5,2.0,21,27.88990817391075,pullback,0.0,29.260000228881836,29.649999618530273,28.899999618530273,29.6200008392334,28.969999313354492,28.492870947581544,27.88990817391075,27.240943192733006,27.50562799091798,0.32203711190052786,0.17300926653226512,1.0,0.0,0.0,1.0,"SPY,QQQ",50,740.5203857421875,725.5507256787744,True,719.8499755859375,688.1413196800477,True,,,,
JETS,credit,pullup,NO,setup not met,29.6200008392334,,-1,,,,,,,,,,,,,0,0,0,0,True,False,"SPY: close=740.52, ema50=725.55, above=true; QQQ: close=719.85, ema50=688.14, above=true",,,setup not met,,,False,setup not met,,,0.045,,,,,,,,False,,,,,,,,False,,,,,,,,,,,,,,,,,,,,,,,,,,0.5,0.5,2.0,21,27.88990817391075,pullup,0.0,29.260000228881836,29.649999618530273,28.899999618530273,29.6200008392334,28.969999313354492,28.492870947581544,27.88990817391075,27.240943192733006,27.50562799091798,0.32203711190052786,0.17300926653226512,,,,,"SPY,QQQ",50,740.5203857421875,725.5507256787744,True,719.8499755859375,688.1413196800477,True,0.0,1.0,1.0,0.0
KRE,debit,pullback,NO,setup not met,73.21499633789062,,-1,,,,,,,,,,,,,0,0,0,0,True,False,"SPY: close=740.52, ema50=725.55, above=true; QQQ: close=719.85, ema50=688.14, above=true",,,setup not met,,,False,setup not met,,,0.045,,,,,,,,False,,,,,,,,False,,,,,,,,,,,,,,,,,,,,,,,,,,0.5,0.5,2.0,21,70.16306611042715,pullback,0.0,72.70999908447266,73.58999633789062,72.63999938964844,73.21499633789062,72.3499984741211,71.32131779033246,70.16306611042715,69.22528646955082,68.0325663771553,0.5410510135880457,0.3051930227463515,1.0,0.0,0.0,1.0,"SPY,QQQ",50,740.5203857421875,725.5507256787744,True,719.8499755859375,688.1413196800477,True,,,,
KRE,credit,pullup,NO,setup not met,73.21499633789062,,-1,,,,,,,,,,,,,0,0,0,0,True,False,"SPY: close=740.52, ema50=725.55, above=true; QQQ: close=719.85, ema50=688.14, above=true",,,setup not met,,,False,setup not met,,,0.045,,,,,,,,False,,,,,,,,False,,,,,,,,,,,,,,,,,,,,,,,,,,0.5,0.5,2.0,21,70.16306611042715,pullup,0.0,72.70999908447266,73.58999633789062,72.63999938964844,73.21499633789062,72.3499984741211,71.32131779033246,70.16306611042715,69.22528646955082,68.0325663771553,0.5410510135880457,0.3051930227463515,,,,,"SPY,QQQ",50,740.5203857421875,725.5507256787744,True,719.8499755859375,688.1413196800477,True,0.0,1.0,1.0,0.0
KWEB,debit,pullback,NO,setup not met,26.485000610351562,,-1,,,,,,,,,,,,,0,0,0,0,True,False,"SPY: close=740.52, ema50=725.55, above=true; QQQ: close=719.85, ema50=688.14, above=true",,,setup not met,,,False,setup not met,,,0.045,,,,,,,,False,,,,,,,,False,,,,,,,,,,,,,,,,,,,,,,,,,,0.5,0.5,2.0,21,27.230119164211555,pullback,0.0,26.6299991607666,26.68000030517578,26.385000228881836,26.485000610351562,26.56999969482422,26.629188039161917,27.230119164211555,28.263696304940495,32.078788075789845,-0.041196408231527926,-0.07451185538600313,0.0,1.0,1.0,0.0,"SPY,QQQ",50,740.5203857421875,725.5507256787744,True,719.8499755859375,688.1413196800477,True,,,,
KWEB,credit,pullup,NO,setup not met,26.485000610351562,,-1,,,,,,,,,,,,,0,0,0,0,True,False,"SPY: close=740.52, ema50=725.55, above=true; QQQ: close=719.85, ema50=688.14, above=true",,,setup not met,,,False,setup not met,,,0.045,,,,,,,,False,,,,,,,,False,,,,,,,,,,,,,,,,,,,,,,,,,,0.5,0.5,2.0,21,27.230119164211555,pullup,0.0,26.6299991607666,26.68000030517578,26.385000228881836,26.485000610351562,26.56999969482422,26.629188039161917,27.230119164211555,28.263696304940495,32.078788075789845,-0.041196408231527926,-0.07451185538600313,,,,,"SPY,QQQ",50,740.5203857421875,725.5507256787744,True,719.8499755859375,688.1413196800477,True,1.0,0.0,1.0,1.0
LABU,debit,pullback,NO,setup not met,179.8300018310547,,-1,,,,,,,,,,,,,0,0,0,0,True,False,"SPY: close=740.52, ema50=725.55, above=true; QQQ: close=719.85, ema50=688.14, above=true",,,setup not met,,,False,setup not met,,,0.045,,,,,,,,False,,,,,,,,False,,,,,,,,,,,,,,,,,,,,,,,,,,0.5,0.5,2.0,21,174.4417726349492,pullback,0.0,175.72000122070312,185.25999450683594,175.60000610351562,179.8300018310547,174.49000549316406,171.5384175376174,174.4417726349492,175.9123410149612,170.67421130271373,2.3690240838392356,0.5388229196105385,1.0,0.0,0.0,1.0,"SPY,QQQ",50,740.5203857421875,725.5507256787744,True,719.8499755859375,688.1413196800477,True,,,,
LABU,credit,pullup,NO,setup not met,179.8300018310547,,-1,,,,,,,,,,,,,0,0,0,0,True,False,"SPY: close=740.52, ema50=725.55, above=true; QQQ: close=719.85, ema50=688.14, above=true",,,setup not met,,,False,setup not met,,,0.045,,,,,,,,False,,,,,,,,False,,,,,,,,,,,,,,,,,,,,,,,,,,0.5,0.5,2.0,21,174.4417726349492,pullup,0.0,175.72000122070312,185.25999450683594,175.60000610351562,179.8300018310547,174.49000549316406,171.5384175376174,174.4417726349492,175.9123410149612,170.67421130271373,2.3690240838392356,0.5388229196105385,,,,,"SPY,QQQ",50,740.5203857421875,725.5507256787744,True,719.8499755859375,688.1413196800477,True,0.0,1.0,1.0,0.0
LQD,debit,pullback,NO,"short leg illiquid (vol=20, oi=20)",108.93830108642578,2026-09-18,98,,118.0,,,,,,,,,,,20,20,0,0,True,False,"SPY: close=740.52, ema50=725.55, above=true; QQQ: close=719.85, ema50=688.14, above=true",,,"short leg illiquid (vol=20, oi=20)",,,False,"short leg illiquid (vol=20, oi=20)",2026-09-18,0.2684931506849315,0.045,,LQD260918C00118000,,,,,,False,,,0.0,2.18,0.09,0.09,mid=last (no valid bid/ask),False,0.2368240380859375,,,,,,,,,,,,,,,,,,,,,,,,,0.5,0.5,2.0,21,108.64273950001225,pullback,1.0,108.87999725341797,109.06999969482422,108.63999938964844,108.93830108642578,109.08000183105469,108.65272380748617,108.64273950001225,108.87549577050075,109.6505066831506,0.08159350826845468,0.029556158641341312,1.0,1.0,1.0,1.0,"SPY,QQQ",50,740.5203857421875,725.5507256787744,True,719.8499755859375,688.1413196800477,True,,,,
LQD,credit,pullup,NO,setup not met,108.93830108642578,,-1,,,,,,,,,,,,,0,0,0,0,True,False,"SPY: close=740.52, ema50=725.55, above=true; QQQ: close=719.85, ema50=688.14, above=true",,,setup not met,,,False,setup not met,,,0.045,,,,,,,,False,,,,,,,,False,,,,,,,,,,,,,,,,,,,,,,,,,,0.5,0.5,2.0,21,108.64273950001225,pullup,0.0,108.87999725341797,109.06999969482422,108.63999938964844,108.93830108642578,109.08000183105469,108.65272380748617,108.64273950001225,108.87549577050075,109.6505066831506,0.08159350826845468,0.029556158641341312,,,,,"SPY,QQQ",50,740.5203857421875,725.5507256787744,True,719.8499755859375,688.1413196800477,True,0.0,0.0,1.0,0.0
MSOS,debit,pullback,NO,setup not met,5.14709997177124,,-1,,,,,,,,,,,,,0,0,0,0,True,False,"SPY: close=740.52, ema50=725.55, above=true; QQQ: close=719.85, ema50=688.14, above=true",,,setup not met,,,False,setup not met,,,0.045,,,,,,,,False,,,,,,,,False,,,,,,,,,,,,,,,,,,,,,,,,,,0.5,0.5,2.0,21,5.056509712303234,pullback,0.0,5.289999961853027,5.380000114440918,5.099999904632568,5.14709997177124,5.269999980926514,5.250039581799632,5.056509712303234,4.770550833765439,4.8609617898291875,-0.02941131715096912,0.00905902594679997,0.0,1.0,1.0,1.0,"SPY,QQQ",50,740.5203857421875,725.5507256787744,True,719.8499755859375,688.1413196800477,True,,,,
MSOS,credit,pullup,NO,setup not met,5.14709997177124,,-1,,,,,,,,,,,,,0,0,0,0,True,False,"SPY: close=740.52, ema50=725.55, above=true; QQQ: close=719.85, ema50=688.14, above=true",,,setup not met,,,False,setup not met,,,0.045,,,,,,,,False,,,,,,,,False,,,,,,,,,,,,,,,,,,,,,,,,,,0.5,0.5,2.0,21,5.056509712303234,pullup,0.0,5.289999961853027,5.380000114440918,5.099999904632568,5.14709997177124,5.269999980926514,5.250039581799632,5.056509712303234,4.770550833765439,4.8609617898291875,-0.02941131715096912,0.00905902594679997,,,,,"SPY,QQQ",50,740.5203857421875,725.5507256787744,True,719.8499755859375,688.1413196800477,True,0.0,0.0,1.0,0.0
QQQ,debit,pullback,NO,setup not met,719.844970703125,,-1,,,,,,,,,,,,,0,0,0,0,True,False,"SPY: close=740.52, ema50=725.55, above=true; QQQ: close=719.85, ema50=688.14, above=true",,,setup not met,,,False,setup not met,,,0.045,,,,,,,,False,,,,,,,,False,,,,,,,,,,,,,,,,,,,,,,,,,,0.5,0.5,2.0,21,714.369895416957,pullback,0.0,717.6099853515625,724.010009765625,711.280029296875,719.844970703125,717.1199951171875,717.0890666414225,714.369895416957,688.1620316652704,640.3182777845599,0.7874011604865245,0.5475075286167339,1.0,0.0,1.0,1.0,"SPY,QQQ",50,740.5203857421875,725.5507256787744,True,719.8499755859375,688.1413196800477,True,,,,
QQQ,credit,pullup,NO,setup not met,719.844970703125,,-1,,,,,,,,,,,,,0,0,0,0,True,False,"SPY: close=740.52, ema50=725.55, above=true; QQQ: close=719.85, ema50=688.14, above=true",,,setup not met,,,False,setup not met,,,0.045,,,,,,,,False,,,,,,,,False,,,,,,,,,,,,,,,,,,,,,,,,,,0.5,0.5,2.0,21,714.369895416957,pullup,0.0,717.6099853515625,724.010009765625,711.280029296875,719.844970703125,717.1199951171875,717.0890666414225,714.369895416957,688.1620316652704,640.3182777845599,0.7874011604865245,0.5475075286167339,,,,,"SPY,QQQ",50,740.5203857421875,725.5507256787744,True,719.8499755859375,688.1413196800477,True,0.0,1.0,1.0,0.0
SLV,debit,pullback,NO,setup not met,61.27000045776367,,-1,,,,,,,,,,,,,0,0,0,0,True,False,"SPY: close=740.52, ema50=725.55, above=true; QQQ: close=719.85, ema50=688.14, above=true",,,setup not met,,,False,setup not met,,,0.045,,,,,,,,False,,,,,,,,False,,,,,,,,,,,,,,,,,,,,,,,,,,0.5,0.5,2.0,21,65.18547956691545,pullback,0.0,60.529998779296875,61.560001373291016,59.8650016784668,61.27000045776367,60.81999969482422,61.95785111427516,65.18547956691545,67.71054248026472,66.40039022733815,-0.1965287590032787,-0.39154791091517893,0.0,0.0,1.0,0.0,"SPY,QQQ",50,740.5203857421875,725.5507256787744,True,719.8499755859375,688.1413196800477,True,,,,
SLV,credit,pullup,NO,setup not met,61.27000045776367,,-1,,,,,,,,,,,,,0,0,0,0,True,False,"SPY: close=740.52, ema50=725.55, above=true; QQQ: close=719.85, ema50=688.14, above=true",,,setup not met,,,False,setup not met,,,0.045,,,,,,,,False,,,,,,,,False,,,,,,,,,,,,,,,,,,,,,,,,,,0.5,0.5,2.0,21,65.18547956691545,pullup,0.0,60.529998779296875,61.560001373291016,59.8650016784668,61.27000045776367,60.81999969482422,61.95785111427516,65.18547956691545,67.71054248026472,66.40039022733815,-0.1965287590032787,-0.39154791091517893,,,,,"SPY,QQQ",50,740.5203857421875,725.5507256787744,True,719.8499755859375,688.1413196800477,True,1.0,1.0,0.0,1.0
SMH,debit,pullback,NO,setup not met,619.7100219726562,,-1,,,,,,,,,,,,,0,0,0,0,True,False,"SPY: close=740.52, ema50=725.55, above=true; QQQ: close=719.85, ema50=688.14, above=true",,,setup not met,,,False,setup not met,,,0.045,,,,,,,,False,,,,,,,,False,,,,,,,,,,,,,,,,,,,,,,,,,,0.5,0.5,2.0,21,586.1264165242615,pullback,0.0,607.5700073242188,624.37548828125,602.239990234375,619.7100219726562,609.4500122070312,601.8589005875181,586.1264165242615,538.9734301070348,438.54083834862433,5.1003203957537835,3.3583605448393428,1.0,0.0,1.0,1.0,"SPY,QQQ",50,740.5203857421875,725.5507256787744,True,719.8499755859375,688.1413196800477,True,,,,
SMH,credit,pullup,NO,setup not met,619.7100219726562,,-1,,,,,,,,,,,,,0,0,0,0,True,False,"SPY: close=740.52, ema50=725.55, above=true; QQQ: close=719.85, ema50=688.14, above=true",,,setup not met,,,False,setup not met,,,0.045,,,,,,,,False,,,,,,,,False,,,,,,,,,,,,,,,,,,,,,,,,,,0.5,0.5,2.0,21,586.1264165242615,pullup,0.0,607.5700073242188,624.37548828125,602.239990234375,619.7100219726562,609.4500122070312,601.8589005875181,586.1264165242615,538.9734301070348,438.54083834862433,5.1003203957537835,3.3583605448393428,,,,,"SPY,QQQ",50,740.5203857421875,725.5507256787744,True,719.8499755859375,688.1413196800477,True,0.0,1.0,1.0,0.0
SOXS,debit,pullback,NO,setup not met,4.664999961853027,,-1,,,,,,,,,,,,,0,0,0,0,True,False,"SPY: close=740.52, ema50=725.55, above=true; QQQ: close=719.85, ema50=688.14, above=true",,,setup not met,,,False,setup not met,,,0.045,,,,,,,,False,,,,,,,,False,,,,,,,,,,,,,,,,,,,,,,,,,,0.5,0.5,2.0,21,7.3220264729008155,pullback,0.0,5.010000228881836,5.150000095367432,4.570000171661377,4.664999961853027,4.96999979019165,5.626035284440757,7.3220264729008155,13.913097018984583,37.320868138314516,-0.2745815207393507,-0.2657026511047782,0.0,1.0,1.0,0.0,"SPY,QQQ",50,740.5203857421875,725.5507256787744,True,719.8499755859375,688.1413196800477,True,,,,
SOXS,credit,pullup,NO,setup not met,4.664999961853027,,-1,,,,,,,,,,,,,0,0,0,0,True,False,"SPY: close=740.52, ema50=725.55, above=true; QQQ: close=719.85, ema50=688.14, above=true",,,setup not met,,,False,setup not met,,,0.045,,,,,,,,False,,,,,,,,False,,,,,,,,,,,,,,,,,,,,,,,,,,0.5,0.5,2.0,21,7.3220264729008155,pullup,0.0,5.010000228881836,5.150000095367432,4.570000171661377,4.664999961853027,4.96999979019165,5.626035284440757,7.3220264729008155,13.913097018984583,37.320868138314516,-0.2745815207393507,-0.2657026511047782,,,,,"SPY,QQQ",50,740.5203857421875,725.5507256787744,True,719.8499755859375,688.1413196800477,True,1.0,0.0,0.0,1.0
SOXL,debit,pullback,NO,setup not met,236.46499633789062,,-1,,,,,,,,,,,,,0,0,0,0,True,False,"SPY: close=740.52, ema50=725.55, above=true; QQQ: close=719.85, ema50=688.14, above=true",,,setup not met,,,False,setup not met,,,0.045,,,,,,,,False,,,,,,,,False,,,,,,,,,,,,,,,,,,,,,,,,,,0.5,0.5,2.0,21,205.0569721138962,pullback,0.0,222.22000122070312,241.5399932861328,214.7406005859375,236.46499633789062,223.99000549316406,218.80416815798407,205.0569721138962,165.06776727660863,93.0155559362588,5.045950908544739,3.140802422399446,1.0,0.0,1.0,1.0,"SPY,QQQ",50,740.5203857421875,725.5507256787744,True,719.8499755859375,688.1413196800477,True,,,,
SOXL,credit,pullup,NO,setup not met,236.46499633789062,,-1,,,,,,,,,,,,,0,0,0,0,True,False,"SPY: close=740.52, ema50=725.55, above=true; QQQ: close=719.85, ema50=688.14, above=true",,,setup not met,,,False,setup not met,,,0.045,,,,,,,,False,,,,,,,,False,,,,,,,,,,,,,,,,,,,,,,,,,,0.5,0.5,2.0,21,205.0569721138962,pullup,0.0,222.22000122070312,241.5399932861328,214.7406005859375,236.46499633789062,223.99000549316406,218.80416815798407,205.0569721138962,165.06776727660863,93.0155559362588,5.045950908544739,3.140802422399446,,,,,"SPY,QQQ",50,740.5203857421875,725.5507256787744,True,719.8499755859375,688.1413196800477,True,0.0,1.0,1.0,0.0
SPXU,debit,pullback,NO,setup not met,38.65999984741211,,-1,,,,,,,,,,,,,0,0,0,0,True,False,"SPY: close=740.52, ema50=725.55, above=true; QQQ: close=719.85, ema50=688.14, above=true",,,setup not met,,,False,setup not met,,,0.045,,,,,,,,False,,,,,,,,False,,,,,,,,,,,,,,,,,,,,,,,,,,0.5,0.5,2.0,21,38.809860022569445,pullback,0.0,38.619998931884766,39.529998779296875,38.04999923706055,38.65999984741211,39.06999969482422,38.74597676676129,38.809860022569445,41.57819773447754,47.18005717768993,-0.02456483409976329,-0.014986017515731476,0.0,1.0,1.0,0.0,"SPY,QQQ",50,740.5203857421875,725.5507256787744,True,719.8499755859375,688.1413196800477,True,,,,
SPXU,credit,pullup,NO,setup not met,38.65999984741211,,-1,,,,,,,,,,,,,0,0,0,0,True,False,"SPY: close=740.52, ema50=725.55, above=true; QQQ: close=719.85, ema50=688.14, above=true",,,setup not met,,,False,setup not met,,,0.045,,,,,,,,False,,,,,,,,False,,,,,,,,,,,,,,,,,,,,,,,,,,0.5,0.5,2.0,21,38.809860022569445,pullup,0.0,38.619998931884766,39.529998779296875,38.04999923706055,38.65999984741211,39.06999969482422,38.74597676676129,38.809860022569445,41.57819773447754,47.18005717768993,-0.02456483409976329,-0.014986017515731476,,,,,"SPY,QQQ",50,740.5203857421875,725.5507256787744,True,719.8499755859375,688.1413196800477,True,1.0,0.0,1.0,1.0
SPXS,debit,pullback,NO,setup not met,27.549999237060547,,-1,,,,,,,,,,,,,0,0,0,0,True,False,"SPY: close=740.52, ema50=725.55, above=true; QQQ: close=719.85, ema50=688.14, above=true",,,setup not met,,,False,setup not met,,,0.045,,,,,,,,False,,,,,,,,False,,,,,,,,,,,,,,,,,,,,,,,,,,0.5,0.5,2.0,21,27.669962927541583,pullback,0.0,27.530000686645508,28.150999069213867,27.11009979248047,27.549999237060547,27.8700008392334,27.621094995177526,27.669962927541583,29.645648172843256,33.49413300645403,-0.020313073747704635,-0.011996369048102196,0.0,1.0,1.0,0.0,"SPY,QQQ",50,740.5203857421875,725.5507256787744,True,719.8499755859375,688.1413196800477,True,,,,
SPXS,credit,pullup,NO,setup not met,27.549999237060547,,-1,,,,,,,,,,,,,0,0,0,0,True,False,"SPY: close=740.52, ema50=725.55, above=true; QQQ: close=719.85, ema50=688.14, above=true",,,setup not met,,,False,setup not met,,,0.045,,,,,,,,False,,,,,,,,False,,,,,,,,,,,,,,,,,,,,,,,,,,0.5,0.5,2.0,21,27.669962927541583,pullup,0.0,27.530000686645508,28.150999069213867,27.11009979248047,27.549999237060547,27.8700008392334,27.621094995177526,27.669962927541583,29.645648172843256,33.49413300645403,-0.020313073747704635,-0.011996369048102196,,,,,"SPY,QQQ",50,740.5203857421875,725.5507256787744,True,719.8499755859375,688.1413196800477,True,1.0,0.0,1.0,1.0
SPY,debit,pullback,NO,setup not met,740.4600219726562,,-1,,,,,,,,,,,,,0,0,0,0,True,False,"SPY: close=740.52, ema50=725.55, above=true; QQQ: close=719.85, ema50=688.14, above=true",,,setup not met,,,False,setup not met,,,0.045,,,,,,,,False,,,,,,,,False,,,,,,,,,,,,,,,,,,,,,,,,,,0.5,0.5,2.0,21,740.3259310630324,pullback,0.0,740.7100219726562,744.4400024414062,735.0499877929688,740.4600219726562,737.760009765625,740.3422714295247,740.3259310630324,725.6097597890833,697.9683430198312,0.03364301232329581,0.013409090962340997,1.0,0.0,1.0,1.0,"SPY,QQQ",50,740.5203857421875,725.5507256787744,True,719.8499755859375,688.1413196800477,True,,,,
SPY,credit,pullup,NO,setup not met,740.5050048828125,,-1,,,,,,,,,,,,,0,0,0,0,True,False,"SPY: close=740.52, ema50=725.55, above=true; QQQ: close=719.85, ema50=688.14, above=true",,,setup not met,,,False,setup not met,,,0.045,,,,,,,,False,,,,,,,,False,,,,,,,,,,,,,,,,,,,,,,,,,,0.5,0.5,2.0,21,740.3300204185011,pullup,0.0,740.7100219726562,744.4400024414062,735.0499877929688,740.5050048828125,737.760009765625,740.3522676317816,740.3300204185011,725.6115238247758,697.968790610977,0.04363921458025288,0.017498446431090997,,,,,"SPY,QQQ",50,740.5203857421875,725.5507256787744,True,719.8499755859375,688.1413196800477,True,0.0,1.0,1.0,0.0
SQQQ,debit,pullback,NO,setup not met,40.29990005493164,,-1,,,,,,,,,,,,,0,0,0,0,True,False,"SPY: close=740.52, ema50=725.55, above=true; QQQ: close=719.85, ema50=688.14, above=true",,,setup not met,,,False,setup not met,,,0.045,,,,,,,,False,,,,,,,,False,,,,,,,,,,,,,,,,,,,,,,,,,,0.5,0.5,2.0,21,42.17401088590434,pullback,0.0,40.665000915527344,41.74980163574219,39.56999969482422,40.29990005493164,40.83000183105469,41.1452290515514,42.17401088590434,48.909691301487456,62.14308457618266,-0.24152257046278436,-0.18741108309727394,0.0,1.0,1.0,0.0,"SPY,QQQ",50,740.5203857421875,725.5507256787744,True,719.8499755859375,688.1413196800477,True,,,,
SQQQ,credit,pullup,NO,setup not met,40.29990005493164,,-1,,,,,,,,,,,,,0,0,0,0,True,False,"SPY: close=740.52, ema50=725.55, above=true; QQQ: close=719.85, ema50=688.14, above=true",,,setup not met,,,False,setup not met,,,0.045,,,,,,,,False,,,,,,,,False,,,,,,,,,,,,,,,,,,,,,,,,,,0.5,0.5,2.0,21,42.17401088590434,pullup,0.0,40.665000915527344,41.74980163574219,39.56999969482422,40.29990005493164,40.83000183105469,41.1452290515514,42.17401088590434,48.909691301487456,62.14308457618266,-0.24152257046278436,-0.18741108309727394,,,,,"SPY,QQQ",50,740.5203857421875,725.5507256787744,True,719.8499755859375,688.1413196800477,True,1.0,0.0,1.0,1.0
TNA,debit,pullback,NO,setup not met,70.27999877929688,,-1,,,,,,,,,,,,,0,0,0,0,True,False,"SPY: close=740.52, ema50=725.55, above=true; QQQ: close=719.85, ema50=688.14, above=true",,,setup not met,,,False,setup not met,,,0.045,,,,,,,,False,,,,,,,,False,,,,,,,,,,,,,,,,,,,,,,,,,,0.5,0.5,2.0,21,65.44387187271643,pullback,0.0,68.79000091552734,71.62999725341797,67.87000274658203,70.27999877929688,67.98999786376953,66.6623291248981,65.44387187271643,61.751007637005706,54.74043242577298,1.0336199012567988,0.4836126906580347,1.0,0.0,0.0,1.0,"SPY,QQQ",50,740.5203857421875,725.5507256787744,True,719.8499755859375,688.1413196800477,True,,,,
TNA,credit,pullup,NO,setup not met,70.27999877929688,,-1,,,,,,,,,,,,,0,0,0,0,True,False,"SPY: close=740.52, ema50=725.55, above=true; QQQ: close=719.85, ema50=688.14, above=true",,,setup not met,,,False,setup not met,,,0.045,,,,,,,,False,,,,,,,,False,,,,,,,,,,,,,,,,,,,,,,,,,,0.5,0.5,2.0,21,65.44387187271643,pullup,0.0,68.79000091552734,71.62999725341797,67.87000274658203,70.27999877929688,67.98999786376953,66.6623291248981,65.44387187271643,61.751007637005706,54.74043242577298,1.0336199012567988,0.4836126906580347,,,,,"SPY,QQQ",50,740.5203857421875,725.5507256787744,True,719.8499755859375,688.1413196800477,True,0.0,1.0,1.0,0.0
TLT,credit,pullup,NO,setup not met,85.69000244140625,,-1,,,,,,,,,,,,,0,0,0,0,True,False,"SPY: close=740.52, ema50=725.55, above=true; QQQ: close=719.85, ema50=688.14, above=true",,,setup not met,,,False,setup not met,,,0.045,,,,,,,,False,,,,,,,,False,,,,,,,,,,,,,,,,,,,,,,,,,,0.5,0.5,2.0,21,85.26507164038779,pullup,0.0,85.62999725341797,85.83000183105469,85.41000366210938,85.69000244140625,85.9800033569336,85.36635364182663,85.26507164038779,85.6840558689888,86.80941035062725,0.09247108559418393,0.042493080101849046,,,,,"SPY,QQQ",50,740.5203857421875,725.5507256787744,True,719.8499755859375,688.1413196800477,True,0.0,0.0,1.0,0.0
TQQQ,debit,pullback,NO,setup not met,77.06999969482422,,-1,,,,,,,,,,,,,0,0,0,0,True,False,"SPY: close=740.52, ema50=725.55, above=true; QQQ: close=719.85, ema50=688.14, above=true",,,setup not met,,,False,setup not met,,,0.045,,,,,,,,False,,,,,,,,False,,,,,,,,,,,,,,,,,,,,,,,,,,0.5,0.5,2.0,21,76.61323614178134,pullback,0.0,76.33999633789062,78.36000061035156,74.29000091552734,77.06999969482422,76.01000213623047,76.72189152257353,76.61323614178134,69.95565214322698,58.415512954605624,0.09945947778591346,0.0456763553042947,1.0,0.0,1.0,1.0,"SPY,QQQ",50,740.5203857421875,725.5507256787744,True,719.8499755859375,688.1413196800477,True,,,,
TQQQ,credit,pullup,NO,setup not met,77.0999984741211,,-1,,,,,,,,,,,,,0,0,0,0,True,False,"SPY: close=740.52, ema50=725.55, above=true; QQQ: close=719.85, ema50=688.14, above=true",,,setup not met,,,False,setup not met,,,0.045,,,,,,,,False,,,,,,,,False,,,,,,,,,,,,,,,,,,,,,,,,,,0.5,0.5,2.0,21,76.6159633035356,pullup,0.0,76.33999633789062,78.36000061035156,74.29000091552734,77.0999984741211,76.01000213623047,76.72855791797284,76.6159633035356,69.9568285659445,58.41581144992202,0.1061258731852206,0.04840351705854573,,,,,"SPY,QQQ",50,740.5203857421875,725.5507256787744,True,719.8499755859375,688.1413196800477,True,0.0,1.0,1.0,0.0
TSLL,debit,pullback,NO,setup not met,12.880000114440918,,-1,,,,,,,,,,,,,0,0,0,0,True,False,"SPY: close=740.52, ema50=725.55, above=true; QQQ: close=719.85, ema50=688.14, above=true",,,setup not met,,,False,setup not met,,,0.045,,,,,,,,False,,,,,,,,False,,,,,,,,,,,,,,,,,,,,,,,,,,0.5,0.5,2.0,21,14.02806875998748,pullback,0.0,13.135000228881836,13.458900451660156,12.300000190734863,12.880000114440918,13.119999885559082,13.386652502716299,14.02806875998748,14.1001266233392,16.30627482288346,-0.1447578252215358,-0.11480686455465694,0.0,1.0,1.0,0.0,"SPY,QQQ",50,740.5203857421875,725.5507256787744,True,719.8499755859375,688.1413196800477,True,,,,
TSLL,credit,pullup,NO,setup not met,12.885000228881836,,-1,,,,,,,,,,,,,0,0,0,0,True,False,"SPY: close=740.52, ema50=725.55, above=true; QQQ: close=719.85, ema50=688.14, above=true",,,setup not met,,,False,setup not met,,,0.045,,,,,,,,False,,,,,,,,False,,,,,,,,,,,,,,,,,,,,,,,,,,0.5,0.5,2.0,21,14.028523315845746,pullup,0.0,13.135000228881836,13.458900451660156,12.300000190734863,12.885000228881836,13.119999885559082,13.387763639258724,14.028523315845746,14.100322706258451,16.306324575265954,-0.14364668867911057,-0.11435230869639135,,,,,"SPY,QQQ",50,740.5203857421875,725.5507256787744,True,719.8499755859375,688.1413196800477,True,1.0,0.0,1.0,1.0
TZA,debit,pullback,NO,setup not met,4.120100021362305,,-1,,,,,,,,,,,,,0,0,0,0,True,False,"SPY: close=740.52, ema50=725.55, above=true; QQQ: close=719.85, ema50=688.14, above=true",,,setup not met,,,False,setup not met,,,0.045,,,,,,,,False,,,,,,,,False,,,,,,,,,,,,,,,,,,,,,,,,,,0.5,0.5,2.0,21,4.5442285374487135,pullback,0.0,4.21999979019165,4.28000020980835,4.039999961853027,4.120100021362305,4.269999980926514,4.397288831739765,4.5442285374487135,4.994343085672286,6.039032419460475,-0.07919680296498832,-0.042412851608641056,0.0,1.0,1.0,0.0,"SPY,QQQ",50,740.5203857421875,725.5507256787744,True,719.8499755859375,688.1413196800477,True,,,,
TZA,credit,pullup,NO,setup not met,4.120100021362305,,-1,,,,,,,,,,,,,0,0,0,0,True,False,"SPY: close=740.52, ema50=725.55, above=true; QQQ: close=719.85, ema50=688.14, above=true",,,setup not met,,,False,setup not met,,,0.045,,,,,,,,False,,,,,,,,False,,,,,,,,,,,,,,,,,,,,,,,,,,0.5,0.5,2.0,21,4.5442285374487135,pullup,0.0,4.21999979019165,4.28000020980835,4.039999961853027,4.120100021362305,4.269999980926514,4.397288831739765,4.5442285374487135,4.994343085672286,6.039032419460475,-0.07919680296498832,-0.042412851608641056,,,,,"SPY,QQQ",50,740.5203857421875,725.5507256787744,True,719.8499755859375,688.1413196800477,True,1.0,0.0,0.0,1.0
UNG,debit,pullback,NO,setup not met,11.345000267028809,,-1,,,,,,,,,,,,,0,0,0,0,True,False,"SPY: close=740.52, ema50=725.55, above=true; QQQ: close=719.85, ema50=688.14, above=true",,,setup not met,,,False,setup not met,,,0.045,,,,,,,,False,,,,,,,,False,,,,,,,,,,,,,,,,,,,,,,,,,,0.5,0.5,2.0,21,11.392334193726024,pullback,0.0,11.180000305175781,11.367300033569336,11.15999984741211,11.345000267028809,11.15999984741211,11.43660942122613,11.392334193726024,11.368928799817747,11.96595503722166,-0.026174044056377355,-0.004733392669722392,0.0,0.0,1.0,0.0,"SPY,QQQ",50,740.5203857421875,725.5507256787744,True,719.8499755859375,688.1413196800477,True,,,,
UNG,credit,pullup,NO,setup not met,11.345000267028809,,-1,,,,,,,,,,,,,0,0,0,0,True,False,"SPY: close=740.52, ema50=725.55, above=true; QQQ: close=719.85, ema50=688.14, above=true",,,setup not met,,,False,setup not met,,,0.045,,,,,,,,False,,,,,,,,False,,,,,,,,,,,,,,,,,,,,,,,,,,0.5,0.5,2.0,21,11.392334193726024,pullup,0.0,11.180000305175781,11.367300033569336,11.15999984741211,11.345000267028809,11.15999984741211,11.43660942122613,11.392334193726024,11.368928799817747,11.96595503722166,-0.026174044056377355,-0.004733392669722392,,,,,"SPY,QQQ",50,740.5203857421875,725.5507256787744,True,719.8499755859375,688.1413196800477,True,1.0,1.0,0.0,1.0
USO,debit,pullback,NO,setup not met,126.30000305175781,,-1,,,,,,,,,,,,,0,0,0,0,True,False,"SPY: close=740.52, ema50=725.55, above=true; QQQ: close=719.85, ema50=688.14, above=true",,,setup not met,,,False,setup not met,,,0.045,,,,,,,,False,,,,,,,,False,,,,,,,,,,,,,,,,,,,,,,,,,,0.5,0.5,2.0,21,134.86639471632088,pullback,0.0,127.02999877929688,129.77000427246094,125.30000305175781,126.30000305175781,128.8300018310547,131.87008339879216,134.86639471632088,131.05824731633228,101.78604855578929,-1.5914515277241037,-0.8566391664563184,0.0,1.0,1.0,0.0,"SPY,QQQ",50,740.5203857421875,725.5507256787744,True,719.8499755859375,688.1413196800477,True,,,,
USO,credit,pullup,NO,setup not met,126.30000305175781,,-1,,,,,,,,,,,,,0,0,0,0,True,False,"SPY: close=740.52, ema50=725.55, above=true; QQQ: close=719.85, ema50=688.14, above=true",,,setup not met,,,False,setup not met,,,0.045,,,,,,,,False,,,,,,,,False,,,,,,,,,,,,,,,,,,,,,,,,,,0.5,0.5,2.0,21,134.86639471632088,pullup,0.0,127.02999877929688,129.77000427246094,125.30000305175781,126.30000305175781,128.8300018310547,131.87008339879216,134.86639471632088,131.05824731633228,101.78604855578929,-1.5914515277241037,-0.8566391664563184,,,,,"SPY,QQQ",50,740.5203857421875,725.5507256787744,True,719.8499755859375,688.1413196800477,True,1.0,0.0,0.0,1.0
UVXY,debit,pullback,NO,setup not met,29.87470054626465,,-1,,,,,,,,,,,,,0,0,0,0,True,False,"SPY: close=740.52, ema50=725.55, above=true; QQQ: close=719.85, ema50=688.14, above=true",,,setup not met,,,False,setup not met,,,0.045,,,,,,,,False,,,,,,,,False,,,,,,,,,,,,,,,,,,,,,,,,,,0.5,0.5,2.0,21,31.83170624110705,pullback,0.0,30.100000381469727,30.740100860595703,29.510000228881836,29.87470054626465,30.809999465942383,30.57782020110855,31.83170624110705,35.327347070224256,39.631516821687015,-0.20089132995540382,-0.19570056948423797,0.0,1.0,1.0,0.0,"SPY,QQQ",50,740.5203857421875,725.5507256787744,True,719.8499755859375,688.1413196800477,True,,,,
UVXY,credit,pullup,NO,setup not met,29.87470054626465,,-1,,,,,,,,,,,,,0,0,0,0,True,False,"SPY: close=740.52, ema50=725.55, above=true; QQQ: close=719.85, ema50=688.14, above=true",,,setup not met,,,False,setup not met,,,0.045,,,,,,,,False,,,,,,,,False,,,,,,,,,,,,,,,,,,,,,,,,,,0.5,0.5,2.0,21,31.83170624110705,pullup,0.0,30.100000381469727,30.740100860595703,29.510000228881836,29.87470054626465,30.809999465942383,30.57782020110855,31.83170624110705,35.327347070224256,39.631516821687015,-0.20089132995540382,-0.19570056948423797,,,,,"SPY,QQQ",50,740.5203857421875,725.5507256787744,True,719.8499755859375,688.1413196800477,True,1.0,0.0,1.0,1.0
VXX,debit,pullback,NO,setup not met,24.829999923706055,,-1,,,,,,,,,,,,,0,0,0,0,True,False,"SPY: close=740.52, ema50=725.55, above=true; QQQ: close=719.85, ema50=688.14, above=true",,,setup not met,,,False,setup not met,,,0.045,,,,,,,,False,,,,,,,,False,,,,,,,,,,,,,,,,,,,,,,,,,,0.5,0.5,2.0,21,25.783037243885598,pullback,0.0,24.959999084472656,25.309999465942383,24.645000457763672,24.829999923706055,25.31999969482422,25.16698369169764,25.783037243885598,27.42446824007426,28.958789047716788,-0.09628107656902785,-0.09530373201795328,0.0,1.0,1.0,0.0,"SPY,QQQ",50,740.5203857421875,725.5507256787744,True,719.8499755859375,688.1413196800477,True,,,,
VXX,credit,pullup,NO,setup not met,24.829999923706055,,-1,,,,,,,,,,,,,0,0,0,0,True,False,"SPY: close=740.52, ema50=725.55, above=true; QQQ: close=719.85, ema50=688.14, above=true",,,setup not met,,,False,setup not met,,,0.045,,,,,,,,False,,,,,,,,False,,,,,,,,,,,,,,,,,,,,,,,,,,0.5,0.5,2.0,21,25.783037243885598,pullup,0.0,24.959999084472656,25.309999465942383,24.645000457763672,24.829999923706055,25.31999969482422,25.16698369169764,25.783037243885598,27.42446824007426,28.958789047716788,-0.09628107656902785,-0.09530373201795328,,,,,"SPY,QQQ",50,740.5203857421875,725.5507256787744,True,719.8499755859375,688.1413196800477,True,1.0,0.0,1.0,1.0
XBI,debit,pullback,NO,setup not met,134.19000244140625,,-1,,,,,,,,,,,,,0,0,0,0,True,False,"SPY: close=740.52, ema50=725.55, above=true; QQQ: close=719.85, ema50=688.14, above=true",,,setup not met,,,False,setup not met,,,0.045,,,,,,,,False,,,,,,,,False,,,,,,,,,,,,,,,,,,,,,,,,,,0.5,0.5,2.0,21,131.87231114496987,pullback,0.0,132.97999572753906,135.5399932861328,132.9600067138672,134.19000244140625,132.74000549316406,131.69112056140705,131.87231114496987,131.28390836579112,127.33880599016086,0.7139662514283316,0.23176912964362373,1.0,0.0,0.0,1.0,"SPY,QQQ",50,740.5203857421875,725.5507256787744,True,719.8499755859375,688.1413196800477,True,,,,
XBI,credit,pullup,NO,setup not met,134.19000244140625,,-1,,,,,,,,,,,,,0,0,0,0,True,False,"SPY: close=740.52, ema50=725.55, above=true; QQQ: close=719.85, ema50=688.14, above=true",,,setup not met,,,False,setup not met,,,0.045,,,,,,,,False,,,,,,,,False,,,,,,,,,,,,,,,,,,,,,,,,,,0.5,0.5,2.0,21,131.87231114496987,pullup,0.0,132.97999572753906,135.5399932861328,132.9600067138672,134.19000244140625,132.74000549316406,131.69112056140705,131.87231114496987,131.28390836579112,127.33880599016086,0.7139662514283316,0.23176912964362373,,,,,"SPY,QQQ",50,740.5203857421875,725.5507256787744,True,719.8499755859375,688.1413196800477,True,0.0,1.0,1.0,0.0
XLE,debit,pullback,NO,setup not met,58.05500030517578,,-1,,,,,,,,,,,,,0,0,0,0,True,False,"SPY: close=740.52, ema50=725.55, above=true; QQQ: close=719.85, ema50=688.14, above=true",,,setup not met,,,False,setup not met,,,0.045,,,,,,,,False,,,,,,,,False,,,,,,,,,,,,,,,,,,,,,,,,,,0.5,0.5,2.0,21,57.982594052107075,pullback,0.0,56.790000915527344,58.145999908447266,56.630001068115234,58.05500030517578,57.119998931884766,57.863739699525894,57.982594052107075,57.6404477052747,52.86111505931703,0.05464588732853315,0.007240625306863535,1.0,0.0,1.0,1.0,"SPY,QQQ",50,740.5203857421875,725.5507256787744,True,719.8499755859375,688.1413196800477,True,,,,
XLE,credit,pullup,NO,setup not met,58.05500030517578,,-1,,,,,,,,,,,,,0,0,0,0,True,False,"SPY: close=740.52, ema50=725.55, above=true; QQQ: close=719.85, ema50=688.14, above=true",,,setup not met,,,False,setup not met,,,0.045,,,,,,,,False,,,,,,,,False,,,,,,,,,,,,,,,,,,,,,,,,,,0.5,0.5,2.0,21,57.982594052107075,pullup,0.0,56.790000915527344,58.145999908447266,56.630001068115234,58.05500030517578,57.119998931884766,57.863739699525894,57.982594052107075,57.6404477052747,52.86111505931703,0.05464588732853315,0.007240625306863535,,,,,"SPY,QQQ",50,740.5203857421875,725.5507256787744,True,719.8499755859375,688.1413196800477,True,0.0,1.0,1.0,0.0
XLI,debit,pullback,NO,setup not met,176.02999877929688,,-1,,,,,,,,,,,,,0,0,0,0,True,False,"SPY: close=740.52, ema50=725.55, above=true; QQQ: close=719.85, ema50=688.14, above=true",,,setup not met,,,False,setup not met,,,0.045,,,,,,,,False,,,,,,,,False,,,,,,,,,,,,,,,,,,,,,,,,,,0.5,0.5,2.0,21,173.51791791332005,pullback,0.0,176.02000427246094,176.60000610351562,174.64999389648438,176.02999877929688,175.14999389648438,174.20437012113612,173.51791791332005,172.1320710758439,166.05188197396794,0.5216081880459171,0.25120808659767135,1.0,0.0,1.0,1.0,"SPY,QQQ",50,740.5203857421875,725.5507256787744,True,719.8499755859375,688.1413196800477,True,,,,
XLI,credit,pullup,NO,setup not met,176.02999877929688,,-1,,,,,,,,,,,,,0,0,0,0,True,False,"SPY: close=740.52, ema50=725.55, above=true; QQQ: close=719.85, ema50=688.14, above=true",,,setup not met,,,False,setup not met,,,0.045,,,,,,,,False,,,,,,,,False,,,,,,,,,,,,,,,,,,,,,,,,,,0.5,0.5,2.0,21,173.51791791332005,pullup,0.0,176.02000427246094,176.60000610351562,174.64999389648438,176.02999877929688,175.14999389648438,174.20437012113612,173.51791791332005,172.1320710758439,166.05188197396794,0.5216081880459171,0.25120808659767135,,,,,"SPY,QQQ",50,740.5203857421875,725.5507256787744,True,719.8499755859375,688.1413196800477,True,0.0,1.0,1.0,0.0
XLK,debit,pullback,NO,setup not met,184.74000549316406,,-1,,,,,,,,,,,,,0,0,0,0,True,False,"SPY: close=740.52, ema50=725.55, above=true; QQQ: close=719.85, ema50=688.14, above=true",,,setup not met,,,False,setup not met,,,0.045,,,,,,,,False,,,,,,,,False,,,,,,,,,,,,,,,,,,,,,,,,,,0.5,0.5,2.0,21,181.8332913150689,pullback,0.0,183.24000549316406,185.83999633789062,181.64430236816406,184.74000549316406,183.2100067138672,184.05696817448302,181.8332913150689,171.1170577384724,153.18408941542643,0.19515351962314753,0.2906714178095058,1.0,0.0,1.0,1.0,"SPY,QQQ",50,740.5203857421875,725.5507256787744,True,719.8499755859375,688.1413196800477,True,,,,
XLK,credit,pullup,NO,setup not met,184.74000549316406,,-1,,,,,,,,,,,,,0,0,0,0,True,False,"SPY: close=740.52, ema50=725.55, above=true; QQQ: close=719.85, ema50=688.14, above=true",,,setup not met,,,False,setup not met,,,0.045,,,,,,,,False,,,,,,,,False,,,,,,,,,,,,,,,,,,,,,,,,,,0.5,0.5,2.0,21,181.8332913150689,pullup,0.0,183.24000549316406,185.83999633789062,181.64430236816406,184.74000549316406,183.2100067138672,184.05696817448302,181.8332913150689,171.1170577384724,153.18408941542643,0.19515351962314753,0.2906714178095058,,,,,"SPY,QQQ",50,740.5203857421875,725.5507256787744,True,719.8499755859375,688.1413196800477,True,0.0,1.0,1.0,0.0
XLP,debit,pullback,NO,setup not met,85.36000061035156,,-1,,,,,,,,,,,,,0,0,0,0,True,False,"SPY: close=740.52, ema50=725.55, above=true; QQQ: close=719.85, ema50=688.14, above=true",,,setup not met,,,False,setup not met,,,0.045,,,,,,,,False,,,,,,,,False,,,,,,,,,,,,,,,,,,,,,,,,,,0.5,0.5,2.0,21,83.97769074013722,pullback,0.0,85.45999908447266,85.7750015258789,85.12000274658203,85.36000061035156,85.2699966430664,84.36279318421174,83.97769074013722,83.77036854555315,82.37419150590573,0.2849164074685149,0.13823098702143,1.0,0.0,0.0,1.0,"SPY,QQQ",50,740.5203857421875,725.5507256787744,True,719.8499755859375,688.1413196800477,True,,,,
XLP,credit,pullup,NO,setup not met,85.36000061035156,,-1,,,,,,,,,,,,,0,0,0,0,True,False,"SPY: close=740.52, ema50=725.55, above=true; QQQ: close=719.85, ema50=688.14, above=true",,,setup not met,,,False,setup not met,,,0.045,,,,,,,,False,,,,,,,,False,,,,,,,,,,,,,,,,,,,,,,,,,,0.5,0.5,2.0,21,83.97769074013722,pullup,0.0,85.45999908447266,85.7750015258789,85.12000274658203,85.36000061035156,85.2699966430664,84.36279318421174,83.97769074013722,83.77036854555315,82.37419150590573,0.2849164074685149,0.13823098702143,,,,,"SPY,QQQ",50,740.5203857421875,725.5507256787744,True,719.8499755859375,688.1413196800477,True,0.0,1.0,1.0,0.0
XLU,debit,pullback,NO,setup not met,44.314998626708984,,-1,,,,,,,,,,,,,0,0,0,0,True,False,"SPY: close=740.52, ema50=725.55, above=true; QQQ: close=719.85, ema50=688.14, above=true",,,setup not met,,,False,setup not met,,,0.045,,,,,,,,False,,,,,,,,False,,,,,,,,,,,,,,,,,,,,,,,,,,0.5,0.5,2.0,21,44.37611667561492,pullback,0.0,44.189998626708984,44.61000061035156,44.189998626708984,44.314998626708984,44.04999923706055,44.08646620362508,44.37611667561492,44.88036813563432,44.38720222091608,0.06529497802397799,-0.00611180489059393,0.0,0.0,1.0,0.0,"SPY,QQQ",50,740.5203857421875,725.5507256787744,True,719.8499755859375,688.1413196800477,True,,,,
XLU,credit,pullup,NO,setup not met,44.314998626708984,,-1,,,,,,,,,,,,,0,0,0,0,True,False,"SPY: close=740.52, ema50=725.55, above=true; QQQ: close=719.85, ema50=688.14, above=true",,,setup not met,,,False,setup not met,,,0.045,,,,,,,,False,,,,,,,,False,,,,,,,,,,,,,,,,,,,,,,,,,,0.5,0.5,2.0,21,44.37611667561492,pullup,0.0,44.189998626708984,44.61000061035156,44.189998626708984,44.314998626708984,44.04999923706055,44.08646620362508,44.37611667561492,44.88036813563432,44.38720222091608,0.06529497802397799,-0.00611180489059393,,,,,"SPY,QQQ",50,740.5203857421875,725.5507256787744,True,719.8499755859375,688.1413196800477,True,0.0,1.0,1.0,1.0
XLV,debit,pullback,NO,setup not met,153.6300048828125,,-1,,,,,,,,,,,,,0,0,0,0,True,False,"SPY: close=740.52, ema50=725.55, above=true; QQQ: close=719.85, ema50=688.14, above=true",,,setup not met,,,False,setup not met,,,0.045,,,,,,,,False,,,,,,,,False,,,,,,,,,,,,,,,,,,,,,,,,,,0.5,0.5,2.0,21,150.28073935064543,pullback,0.0,154.97000122070312,155.1300048828125,153.3800048828125,153.6300048828125,154.08999633789062,152.52956591648353,150.28073935064543,149.09533541941562,151.4885365273864,0.3144111332368311,0.33492655321671805,1.0,1.0,0.0,1.0,"SPY,QQQ",50,740.5203857421875,725.5507256787744,True,719.8499755859375,688.1413196800477,True,,,,
XLV,credit,pullup,NO,setup not met,153.6300048828125,,-1,,,,,,,,,,,,,0,0,0,0,True,False,"SPY: close=740.52, ema50=725.55, above=true; QQQ: close=719.85, ema50=688.14, above=true",,,setup not met,,,False,setup not met,,,0.045,,,,,,,,False,,,,,,,,False,,,,,,,,,,,,,,,,,,,,,,,,,,0.5,0.5,2.0,21,150.28073935064543,pullup,0.0,154.97000122070312,155.1300048828125,153.3800048828125,153.6300048828125,154.08999633789062,152.52956591648353,150.28073935064543,149.09533541941562,151.4885365273864,0.3144111332368311,0.33492655321671805,,,,,"SPY,QQQ",50,740.5203857421875,725.5507256787744,True,719.8499755859375,688.1413196800477,True,0.0,0.0,1.0,0.0
XOP,debit,pullback,NO,setup not met,166.85499572753906,,-1,,,,,,,,,,,,,0,0,0,0,True,False,"SPY: close=740.52, ema50=725.55, above=true; QQQ: close=719.85, ema50=688.14, above=true",,,setup not met,,,False,setup not met,,,0.045,,,,,,,,False,,,,,,,,False,,,,,,,,,,,,,,,,,,,,,,,,,,0.5,0.5,2.0,21,168.14816910435133,pullback,0.0,162.24000549316406,167.3000030517578,161.8300018310547,166.85499572753906,163.41000366210938,166.69369453258918,168.14816910435133,167.92767423200547,152.76394278648152,0.04608605569995916,-0.12931733768124332,0.0,0.0,1.0,0.0,"SPY,QQQ",50,740.5203857421875,725.5507256787744,True,719.8499755859375,688.1413196800477,True,,,,
XOP,credit,pullup,NO,setup not met,166.85499572753906,,-1,,,,,,,,,,,,,0,0,0,0,True,False,"SPY: close=740.52, ema50=725.55, above=true; QQQ: close=719.85, ema50=688.14, above=true",,,setup not met,,,False,setup not met,,,0.045,,,,,,,,False,,,,,,,,False,,,,,,,,,,,,,,,,,,,,,,,,,,0.5,0.5,2.0,21,168.14816910435133,pullup,0.0,162.24000549316406,167.3000030517578,161.8300018310547,166.85499572753906,163.41000366210938,166.69369453258918,168.14816910435133,167.92767423200547,152.76394278648152,0.04608605569995916,-0.12931733768124332,,,,,"SPY,QQQ",50,740.5203857421875,725.5507256787744,True,719.8499755859375,688.1413196800477,True,0.0,1.0,1.0,1.0
XRT,debit,pullback,NO,setup not met,87.8499984741211,,-1,,,,,,,,,,,,,0,0,0,0,True,False,"SPY: close=740.52, ema50=725.55, above=true; QQQ: close=719.85, ema50=688.14, above=true",,,setup not met,,,False,setup not met,,,0.045,,,,,,,,False,,,,,,,,False,,,,,,,,,,,,,,,,,,,,,,,,,,0.5,0.5,2.0,21,84.13670595254584,pullback,0.0,87.81500244140625,88.2699966430664,87.16999816894531,87.8499984741211,87.66999816894531,85.46318265850793,84.13670595254584,83.73600428333906,85.40950129167659,0.6819473758894787,0.37132925215752266,1.0,0.0,0.0,1.0,"SPY,QQQ",50,740.5203857421875,725.5507256787744,True,719.8499755859375,688.1413196800477,True,,,,
XRT,credit,pullup,NO,setup not met,87.8499984741211,,-1,,,,,,,,,,,,,0,0,0,0,True,False,"SPY: close=740.52, ema50=725.55, above=true; QQQ: close=719.85, ema50=688.14, above=true",,,setup not met,,,False,setup not met,,,0.045,,,,,,,,False,,,,,,,,False,,,,,,,,,,,,,,,,,,,,,,,,,,0.5,0.5,2.0,21,84.13670595254584,pullup,0.0,87.81500244140625,88.2699966430664,87.16999816894531,87.8499984741211,87.66999816894531,85.46318265850793,84.13670595254584,83.73600428333906,85.40950129167659,0.6819473758894787,0.37132925215752266,,,,,"SPY,QQQ",50,740.5203857421875,725.5507256787744,True,719.8499755859375,688.1413196800477,True,0.0,1.0,1.0,0.0
XHB,debit,pullback,NO,setup not met,107.79000091552734,,-1,,,,,,,,,,,,,0,0,0,0,True,False,"SPY: close=740.52, ema50=725.55, above=true; QQQ: close=719.85, ema50=688.14, above=true",,,setup not met,,,False,setup not met,,,0.045,,,,,,,,False,,,,,,,,False,,,,,,,,,,,,,,,,,,,,,,,,,,0.5,0.5,2.0,21,103.79496911246449,pullback,0.0,108.08000183105469,108.68000030517578,107.20020294189453,107.79000091552734,107.83000183105469,105.47378853163886,103.79496911246449,103.67187152452793,106.19030723305202,0.6617749668252628,0.39950318030628296,1.0,1.0,0.0,1.0,"SPY,QQQ",50,740.5203857421875,725.5507256787744,True,719.8499755859375,688.1413196800477,True,,,,
XHB,credit,pullup,NO,setup not met,107.79000091552734,,-1,,,,,,,,,,,,,0,0,0,0,True,False,"SPY: close=740.52, ema50=725.55, above=true; QQQ: close=719.85, ema50=688.14, above=true",,,setup not met,,,False,setup not met,,,0.045,,,,,,,,False,,,,,,,,False,,,,,,,,,,,,,,,,,,,,,,,,,,0.5,0.5,2.0,21,103.79496911246449,pullup,0.0,108.08000183105469,108.68000030517578,107.20020294189453,107.79000091552734,107.83000183105469,105.47378853163886,103.79496911246449,103.67187152452793,106.19030723305202,0.6617749668252628,0.39950318030628296,,,,,"SPY,QQQ",50,740.5203857421875,725.5507256787744,True,719.8499755859375,688.1413196800477,True,0.0,0.0,1.0,0.0
XLF,debit,pullback,NO,setup not met,53.26499938964844,,-1,,,,,,,,,,,,,0,0,0,0,True,False,"SPY: close=740.52, ema50=725.55, above=true; QQQ: close=719.85, ema50=688.14, above=true",,,setup not met,,,False,setup not met,,,0.045,,,,,,,,False,,,,,,,,False,,,,,,,,,,,,,,,,,,,,,,,,,,0.5,0.5,2.0,21,51.95211872546652,pullback,0.0,52.959999084472656,53.54999923706055,52.81010055541992,53.26499938964844,52.619998931884766,52.383057976238604,51.95211872546652,51.67744405528871,52.74927557653178,0.2519832609742423,0.13128806641818613,1.0,0.0,0.0,1.0,"SPY,QQQ",50,740.5203857421875,725.5507256787744,True,719.8499755859375,688.1413196800477,True,,,,
XLF,credit,pullup,NO,setup not met,53.26499938964844,,-1,,,,,,,,,,,,,0,0,0,0,True,False,"SPY: close=740.52, ema50=725.55, above=true; QQQ: close=719.85, ema50=688.14, above=true",,,setup not met,,,False,setup not met,,,0.045,,,,,,,,False,,,,,,,,False,,,,,,,,,,,,,,,,,,,,,,,,,,0.5,0.5,2.0,21,51.95211872546652,pullup,0.0,52.959999084472656,53.54999923706055,52.81010055541992,53.26499938964844,52.619998931884766,52.383057976238604,51.95211872546652,51.67744405528871,52.74927557653178,0.2519832609742423,0.13128806641818613,,,,,"SPY,QQQ",50,740.5203857421875,725.5507256787744,True,719.8499755859375,688.1413196800477,True,0.0,1.0,1.0,0.0
